TEDDI,2013-08-02 14:26:37.473,72,5,24,1,283,24.97,49.9,498,47.06,257,358,287,42.8,53.4,44.8
TEDDI,2013-08-02 14:26:43.485,72,5,24,0,259,24.98,48.7,496,47.06,257,309,284,43.5,52.4,47.6
TEDDI,2013-08-02 14:26:49.497,72,5,24,1,235,24.97,48.3,494,47.06,264,316,285,43.5,50.9,45.8
TEDDI,2013-08-02 14:26:55.507,72,5,24,0,211,24.97,49.1,493,47.06,261,304,280,43.5,64.7,48.8
TEDDI,2013-08-02 14:27:01.519,72,5,24,1,187,24.98,48.3,505,47.06,258,325,284,42.8,47.6,44.8
TEDDI,2013-08-02 14:27:07.531,72,5,24,0,163,24.98,45.2,505,47.06,258,329,284,43.5,48.4,44.8
TEDDI,2013-08-02 14:27:13.541,72,5,24,1,139,24.98,46.0,493,47.06,259,316,287,43.5,59.2,47.2
TEDDI,2013-08-02 14:27:19.553,72,5,24,0,115,24.98,38.5,494,47.06,236,312,282,42.8,48.4,45.3
TEDDI,2013-08-02 14:27:25.563,72,5,24,1,91,24.98,38.2,496,47.06,257,312,285,43.5,49.4,45.3
TEDDI,2013-08-02 14:27:31.579,72,5,24,0,67,24.98,38.5,496,47.06,266,308,285,42.8,54.7,45.8
TEDDI,2013-08-02 14:27:37.590,72,5,24,1,43,24.97,34.6,497,47.03,244,323,280,43.5,52.4,45.8
TEDDI,2013-08-02 14:27:43.613,72,5,24,0,19,24.98,36.7,495,47.06,242,383,290,43.5,48.8,45.3
TEDDI,2013-08-02 14:26:42.829,91,5,24,1,283,23.35,36.7,597,49.34,251,299,273,48.0,53.2,49.8
TEDDI,2013-08-02 14:26:48.845,91,5,24,0,259,23.37,37.6,602,49.32,239,296,270,48.4,51.9,50.1
TEDDI,2013-08-02 14:26:54.855,91,5,24,1,235,23.37,41.7,600,49.32,253,302,272,48.4,52.8,50.1
TEDDI,2013-08-02 14:27:00.867,91,5,24,0,211,23.37,36.1,598,49.32,235,303,275,48.4,51.2,49.8
TEDDI,2013-08-02 14:27:06.877,91,5,24,1,187,23.37,30.4,601,49.32,255,292,273,48.4,52.8,49.4
TEDDI,2013-08-02 14:27:12.887,91,5,24,0,163,23.37,35.2,597,49.32,255,298,277,48.0,53.2,49.4
TEDDI,2013-08-02 14:27:18.897,91,5,24,1,139,23.38,16.6,597,49.29,238,296,273,49.1,53.0,50.1
TEDDI,2013-08-02 14:27:24.908,91,5,24,0,115,23.37,19.7,596,49.29,249,297,274,48.0,50.9,49.4
TEDDI,2013-08-02 14:27:30.918,91,5,24,1,91,23.38,17.0,602,49.29,253,309,277,48.8,54.5,50.4
TEDDI,2013-08-02 14:27:36.928,91,5,24,0,67,23.39,18.7,602,49.29,262,290,275,48.8,53.8,50.1
TEDDI,2013-08-02 14:27:42.939,91,5,24,1,43,23.39,17.9,602,49.27,259,303,280,48.4,52.2,50.1
TEDDI,2013-08-02 14:27:48.950,91,5,24,0,19,23.38,18.9,601,49.27,246,296,276,48.8,53.4,50.4
TEDDI,2013-08-02 14:26:45.887,71,5,24,1,283,23.47,285.0,609,51.10,239,289,265,41.2,44.2,42.1
TEDDI,2013-08-02 14:26:51.898,71,5,24,0,259,23.47,285.0,607,51.10,251,276,263,40.3,45.3,42.8
TEDDI,2013-08-02 14:26:57.908,71,5,24,1,235,23.47,285.0,604,51.07,228,277,261,41.2,45.3,42.1
TEDDI,2013-08-02 14:27:03.918,71,5,24,0,211,23.48,285.0,607,51.05,254,276,265,40.3,45.3,42.1
TEDDI,2013-08-02 14:27:09.930,71,5,24,1,187,23.47,285.0,608,51.07,247,286,265,41.2,44.2,42.1
TEDDI,2013-08-02 14:27:15.939,71,5,24,0,163,23.48,285.0,607,51.05,244,278,263,41.2,50.6,43.5
TEDDI,2013-08-02 14:27:21.949,71,5,24,1,139,23.48,285.0,605,51.05,247,284,265,41.2,50.4,43.5
TEDDI,2013-08-02 14:27:27.961,71,5,24,0,115,23.48,285.0,604,51.05,240,275,264,41.2,46.3,42.8
TEDDI,2013-08-02 14:27:33.972,71,5,24,1,91,23.48,285.0,608,51.05,245,272,260,41.2,47.6,42.8
TEDDI,2013-08-02 14:27:39.984,71,5,24,0,67,23.48,285.0,608,51.05,251,278,263,41.2,45.3,42.8
TEDDI,2013-08-02 14:27:45.996,71,5,24,1,43,23.48,285.0,605,51.05,246,277,261,41.2,45.3,42.8
TEDDI,2013-08-02 14:27:52.008,71,5,24,0,19,23.48,285.0,603,51.05,256,283,269,41.2,43.5,42.1
TEDDI,2013-08-02 14:26:56.560,82,5,24,1,283,23.68,285.0,704,53.87,265,308,281,34.7,68.9,53.6
TEDDI,2013-08-02 14:27:02.569,82,5,24,0,259,23.68,285.0,704,53.85,261,308,284,37.9,71.1,57.4
TEDDI,2013-08-02 14:27:08.580,82,5,24,1,235,23.68,285.0,705,53.82,263,303,282,37.9,70.0,57.5
TEDDI,2013-08-02 14:27:14.591,82,5,24,0,211,23.68,285.0,701,53.82,262,308,282,36.5,66.9,52.2
TEDDI,2013-08-02 14:27:20.602,82,5,24,1,187,23.70,285.0,704,53.82,233,316,278,37.9,63.1,54.5
TEDDI,2013-08-02 14:27:26.613,82,5,24,0,163,23.70,285.0,702,53.80,257,313,281,39.2,74.3,61.8
TEDDI,2013-08-02 14:27:32.623,82,5,24,1,139,23.70,285.0,702,53.80,266,314,283,36.5,67.5,54.4
TEDDI,2013-08-02 14:27:38.635,82,5,24,0,115,23.70,285.0,704,53.80,259,296,281,36.5,62.9,50.9
TEDDI,2013-08-02 14:27:44.646,82,5,24,1,91,23.71,285.0,703,53.78,251,301,280,36.5,74.3,61.7
TEDDI,2013-08-02 14:27:50.656,82,5,24,0,67,23.71,285.0,699,53.78,264,303,283,37.9,62.7,48.8
TEDDI,2013-08-02 14:27:56.666,82,5,24,1,43,23.71,285.0,699,53.78,261,297,278,36.5,66.9,53.6
TEDDI,2013-08-02 14:28:02.678,82,5,24,0,19,23.72,285.0,698,53.75,258,297,278,37.9,67.8,57.7
TEDDI,2013-08-02 14:26:57.992,110,5,24,1,283,23.85,141.5,587,48.36,210,332,299,39.2,45.8,40.3
TEDDI,2013-08-02 14:27:04.003,110,5,24,0,259,23.85,129.4,589,48.33,287,383,311,39.2,43.5,40.3
TEDDI,2013-08-02 14:27:10.013,110,5,24,1,235,23.86,150.9,588,48.33,268,349,302,40.3,42.8,40.3
TEDDI,2013-08-02 14:27:16.023,110,5,24,0,211,23.86,124.3,584,48.31,203,347,302,39.2,47.6,41.2
TEDDI,2013-08-02 14:27:22.035,110,5,24,1,187,23.85,113.7,588,48.31,246,346,306,40.3,47.2,41.2
TEDDI,2013-08-02 14:27:28.045,110,5,24,0,163,23.86,110.1,588,48.31,229,337,299,39.2,44.8,41.2
TEDDI,2013-08-02 14:27:34.057,110,5,24,1,139,23.86,114.6,590,48.28,290,330,309,39.2,46.8,42.1
TEDDI,2013-08-02 14:27:40.067,110,5,24,0,115,23.86,128.4,591,48.28,282,345,312,39.2,43.5,41.2
TEDDI,2013-08-02 14:27:46.077,110,5,24,1,91,23.88,130.5,588,48.26,266,370,310,40.3,46.8,42.1
TEDDI,2013-08-02 14:27:52.088,110,5,24,0,67,23.88,123.3,587,48.26,286,374,307,40.3,42.8,41.2
TEDDI,2013-08-02 14:27:58.098,110,5,24,1,43,23.88,106.6,588,48.24,249,339,304,39.2,52.4,41.2
TEDDI,2013-08-02 14:28:04.109,110,5,24,0,19,23.88,121.3,589,48.24,274,375,307,40.3,59.6,45.3
TEDDI,2013-08-02 14:27:49.619,72,5,24,1,96,24.98,38.2,494,47.03,236,366,285,43.5,51.9,46.3
TEDDI,2013-08-02 14:27:55.629,72,5,24,2,72,24.98,34.6,494,47.06,264,304,285,42.8,47.2,44.8
TEDDI,2013-08-02 14:28:01.641,72,5,24,3,48,24.98,35.8,494,47.03,268,316,287,42.8,66.6,50.4
TEDDI,2013-08-02 14:28:07.653,72,5,24,4,24,24.98,37.6,494,47.03,268,307,282,43.5,50.1,44.8
TEDDI,2013-08-02 14:28:13.415,72,5,24,5,1,24.97,37.3,494,47.03,140,423,276,44.2,67.0,50.1
TEDDI,2013-08-02 14:27:54.862,91,5,24,1,96,23.39,17.0,597,49.27,259,329,281,48.4,50.6,49.1
TEDDI,2013-08-02 14:28:00.873,91,5,24,2,72,23.39,15.2,602,49.27,249,318,279,48.4,64.9,51.7
TEDDI,2013-08-02 14:28:06.885,91,5,24,3,48,23.39,18.4,602,49.24,256,285,271,48.8,50.6,49.4
TEDDI,2013-08-02 14:28:12.897,91,5,24,4,24,23.41,21.3,600,49.24,242,291,270,48.8,58.7,50.9
TEDDI,2013-08-02 14:28:18.906,91,5,24,5,0,23.41,16.6,600,49.22,246,307,270,49.1,58.4,50.6
TEDDI,2013-08-02 14:27:58.035,71,5,24,1,96,23.50,285.0,608,51.05,242,283,268,40.3,43.5,42.1
TEDDI,2013-08-02 14:28:04.047,71,5,24,2,72,23.48,285.0,607,51.03,249,284,264,41.2,56.5,44.2
TEDDI,2013-08-02 14:28:10.057,71,5,24,3,48,23.50,285.0,602,51.05,249,287,262,41.2,64.4,47.6
TEDDI,2013-08-02 14:28:16.069,71,5,24,4,24,23.50,285.0,608,51.03,239,290,262,42.8,50.6,45.3
TEDDI,2013-08-02 14:28:21.831,71,5,24,5,1,23.51,285.0,608,51.03,242,274,258,42.1,67.1,50.4
TEDDI,2013-08-02 14:28:08.496,82,5,24,1,96,23.72,285.0,699,53.75,275,312,293,41.2,72.6,58.3
TEDDI,2013-08-02 14:28:14.508,82,5,24,2,72,23.72,285.0,702,53.75,266,291,278,42.8,72.5,61.7
TEDDI,2013-08-02 14:28:20.519,82,5,24,3,48,23.72,285.0,703,53.73,266,302,280,34.7,65.4,48.8
TEDDI,2013-08-02 14:28:26.529,82,5,24,4,24,23.72,285.0,703,53.73,266,289,277,39.2,66.9,55.2
TEDDI,2013-08-02 14:28:32.541,82,5,24,5,0,23.72,285.0,704,53.73,267,295,279,34.7,66.1,52.8
TEDDI,2013-08-02 14:28:10.033,110,5,24,1,96,23.88,98.3,589,48.24,245,377,313,41.2,71.2,54.2
TEDDI,2013-08-02 14:28:16.044,110,5,24,2,72,23.89,122.3,590,48.21,278,374,306,41.2,55.8,46.3
TEDDI,2013-08-02 14:28:22.054,110,5,24,3,48,23.88,120.3,591,48.21,212,370,302,40.3,70.6,52.6
TEDDI,2013-08-02 14:28:28.064,110,5,24,4,24,23.89,110.1,590,48.21,288,316,299,39.2,45.8,41.2
TEDDI,2013-08-02 14:28:34.076,110,5,24,5,0,23.89,92.2,592,48.19,270,322,297,39.2,59.1,43.5
TEDDI,2013-08-02 14:28:19.620,72,5,24,6,96,24.97,35.5,491,47.03,0,583,291,45.3,59.9,49.8
TEDDI,2013-08-02 14:28:25.631,72,5,24,7,72,24.97,35.8,506,47.01,249,283,267,43.5,63.0,48.8
TEDDI,2013-08-02 14:28:31.642,72,5,24,8,48,24.97,37.6,507,47.01,247,289,270,43.5,70.0,50.6
TEDDI,2013-08-02 14:28:37.654,72,5,24,9,24,24.98,39.8,507,47.03,254,304,282,44.2,45.8,44.8
TEDDI,2013-08-02 14:28:43.416,72,5,24,10,1,24.98,37.3,507,47.03,260,308,283,44.2,68.2,51.4
TEDDI,2013-08-02 14:28:24.863,91,5,24,6,96,23.41,16.9,597,49.22,255,297,274,48.8,52.8,50.1
TEDDI,2013-08-02 14:28:30.873,91,5,24,7,72,23.41,18.0,600,49.22,255,298,275,48.8,69.0,53.0
TEDDI,2013-08-02 14:28:36.884,91,5,24,8,48,23.41,16.5,601,49.19,263,288,274,48.8,50.9,49.8
TEDDI,2013-08-02 14:28:42.895,91,5,24,9,24,23.41,17.1,599,49.17,243,291,271,49.1,64.4,51.9
TEDDI,2013-08-02 14:28:48.905,91,5,24,10,0,23.41,18.1,599,49.17,262,291,275,49.1,52.6,50.4
TEDDI,2013-08-02 14:28:27.929,71,5,24,6,96,23.50,285.0,601,51.00,250,279,261,42.1,49.4,44.2
TEDDI,2013-08-02 14:28:33.939,71,5,24,7,72,23.50,285.0,606,51.00,244,278,263,41.2,61.2,48.0
TEDDI,2013-08-02 14:28:39.951,71,5,24,8,48,23.51,285.0,608,51.00,247,282,265,40.3,46.3,43.5
TEDDI,2013-08-02 14:28:45.961,71,5,24,9,24,23.51,285.0,608,51.00,241,294,267,42.1,56.5,44.8
TEDDI,2013-08-02 14:28:51.973,71,5,24,10,0,23.50,285.0,608,50.98,250,285,264,41.2,51.2,44.2
TEDDI,2013-08-02 14:28:38.497,82,5,24,6,96,23.74,285.0,702,53.75,226,301,276,34.7,57.6,42.1
TEDDI,2013-08-02 14:28:44.507,82,5,24,7,72,23.74,285.0,703,53.75,265,299,280,36.5,63.1,51.4
TEDDI,2013-08-02 14:28:50.517,82,5,24,8,48,23.75,285.0,703,53.75,269,302,281,44.8,73.4,61.7
TEDDI,2013-08-02 14:28:56.528,82,5,24,9,24,23.75,285.0,704,53.73,232,302,280,37.9,68.2,53.6
TEDDI,2013-08-02 14:29:02.540,82,5,24,10,0,23.75,285.0,703,53.73,257,300,280,41.2,70.7,59.8
TEDDI,2013-08-02 14:28:40.034,110,5,24,6,96,23.89,104.9,588,48.19,276,314,296,40.3,43.5,41.2
TEDDI,2013-08-02 14:28:46.045,110,5,24,7,72,23.91,107.5,592,48.16,277,347,301,40.3,53.6,43.5
TEDDI,2013-08-02 14:28:52.056,110,5,24,8,48,23.91,120.3,592,48.16,282,319,300,39.2,54.2,42.8
TEDDI,2013-08-02 14:28:58.067,110,5,24,9,24,23.91,106.6,591,48.16,283,315,300,40.3,53.8,45.3
TEDDI,2013-08-02 14:29:04.077,110,5,24,10,0,23.89,121.3,591,48.14,274,331,297,40.3,70.8,52.6
TEDDI,2013-08-02 14:28:49.618,72,5,24,11,96,24.97,37.0,498,47.01,251,339,290,43.5,52.8,46.8
TEDDI,2013-08-02 14:28:55.628,72,5,24,12,72,24.97,35.8,495,47.01,225,354,297,43.5,60.2,47.2
TEDDI,2013-08-02 14:29:01.640,72,5,24,13,48,24.97,34.9,495,47.01,270,317,299,44.2,63.1,50.4
TEDDI,2013-08-02 14:29:07.651,72,5,24,14,24,24.97,36.1,494,47.01,124,391,283,44.2,69.4,51.7
TEDDI,2013-08-02 14:29:13.412,72,5,24,15,1,24.97,37.0,494,47.01,237,412,295,43.5,47.6,45.3
TEDDI,2013-08-02 14:28:54.869,91,5,24,11,96,23.42,17.7,599,49.17,240,298,274,49.1,66.7,52.2
TEDDI,2013-08-02 14:29:00.881,91,5,24,12,72,23.41,16.5,599,49.17,192,354,276,48.4,55.9,50.6
TEDDI,2013-08-02 14:29:06.891,91,5,24,13,48,23.41,17.4,599,49.15,259,298,273,49.1,64.3,51.9
TEDDI,2013-08-02 14:29:12.903,91,5,24,14,24,23.42,18.0,599,49.15,250,295,276,48.8,51.7,49.8
TEDDI,2013-08-02 14:29:18.914,91,5,24,15,0,23.41,14.9,599,49.15,246,293,273,48.8,59.2,50.9
TEDDI,2013-08-02 14:28:58.037,71,5,24,11,96,23.51,285.0,605,51.00,243,363,265,42.8,52.6,46.8
TEDDI,2013-08-02 14:29:04.047,71,5,24,12,72,23.51,285.0,608,50.98,167,365,252,42.1,68.1,50.6
TEDDI,2013-08-02 14:29:10.056,71,5,24,13,48,23.50,285.0,603,50.98,249,284,264,42.1,46.3,42.8
TEDDI,2013-08-02 14:29:16.070,71,5,24,14,24,23.51,285.0,608,50.98,250,283,265,41.2,44.8,42.1
TEDDI,2013-08-02 14:29:21.830,71,5,24,15,1,23.51,285.0,608,50.98,250,279,267,42.1,49.8,44.8
TEDDI,2013-08-02 14:29:08.497,82,5,24,11,96,23.74,285.0,703,53.73,267,297,282,37.9,55.0,47.6
TEDDI,2013-08-02 14:29:14.507,82,5,24,12,72,23.75,285.0,703,53.75,269,300,280,36.5,71.8,55.7
TEDDI,2013-08-02 14:29:20.519,82,5,24,13,48,23.74,285.0,703,53.73,230,325,279,34.7,73.1,54.7
TEDDI,2013-08-02 14:29:26.529,82,5,24,14,24,23.75,285.0,703,53.73,262,337,282,41.2,68.6,54.2
TEDDI,2013-08-02 14:29:32.539,82,5,24,15,0,23.74,285.0,703,53.73,265,305,283,39.2,67.5,55.8
TEDDI,2013-08-02 14:29:10.140,110,5,24,11,96,23.89,123.3,587,48.16,237,362,304,40.3,42.1,41.2
TEDDI,2013-08-02 14:29:16.151,110,5,24,12,72,23.91,102.4,591,48.16,283,348,302,39.2,42.1,40.3
TEDDI,2013-08-02 14:29:22.161,110,5,24,13,48,23.91,111.9,589,48.16,287,320,302,40.3,50.9,44.2
TEDDI,2013-08-02 14:29:28.174,110,5,24,14,24,23.89,130.5,591,48.14,267,328,306,40.3,44.8,42.1
TEDDI,2013-08-02 14:29:33.935,110,5,24,15,1,23.89,104.0,589,48.16,269,346,304,40.3,42.1,40.3
TEDDI,2013-08-02 14:29:19.620,72,5,24,16,96,24.97,39.1,492,47.01,208,326,270,43.5,66.6,52.8
TEDDI,2013-08-02 14:29:25.631,72,5,24,17,72,24.95,38.2,494,47.01,234,301,272,44.2,54.2,47.2
TEDDI,2013-08-02 14:29:31.643,72,5,24,18,48,24.95,37.3,494,47.01,230,303,276,44.2,51.2,45.8
TEDDI,2013-08-02 14:29:37.659,72,5,24,19,24,24.95,37.6,494,47.01,256,338,280,43.5,63.7,49.4
TEDDI,2013-08-02 14:29:43.419,72,5,24,20,1,24.94,36.1,494,47.01,258,304,277,44.2,56.8,49.1
TEDDI,2013-08-02 14:29:24.866,91,5,24,16,96,23.41,17.0,599,49.15,253,303,274,49.4,64.1,53.6
TEDDI,2013-08-02 14:29:30.877,91,5,24,17,72,23.41,17.0,599,49.15,237,286,272,48.8,52.6,50.1
TEDDI,2013-08-02 14:29:36.888,91,5,24,18,48,23.41,18.4,599,49.15,260,292,274,48.4,53.2,50.1
TEDDI,2013-08-02 14:29:42.900,91,5,24,19,24,23.41,17.6,599,49.15,234,313,271,49.1,53.8,50.9
TEDDI,2013-08-02 14:29:48.911,91,5,24,20,0,23.41,17.9,599,49.15,242,304,273,49.1,52.4,50.6
TEDDI,2013-08-02 14:29:27.931,71,5,24,16,96,23.51,285.0,601,50.98,253,280,266,41.2,45.8,43.5
TEDDI,2013-08-02 14:29:33.941,71,5,24,17,72,23.51,285.0,608,50.95,240,282,264,42.1,44.8,42.8
TEDDI,2013-08-02 14:29:39.953,71,5,24,18,48,23.51,285.0,609,50.95,253,278,264,42.1,47.2,43.5
TEDDI,2013-08-02 14:29:45.964,71,5,24,19,24,23.51,285.0,608,50.95,242,289,265,42.8,48.4,44.8
TEDDI,2013-08-02 14:29:51.975,71,5,24,20,0,23.50,285.0,608,50.95,254,281,267,41.2,52.6,43.5
TEDDI,2013-08-02 14:29:38.611,82,5,24,16,96,23.75,285.0,703,53.73,269,294,279,36.5,69.1,53.2
TEDDI,2013-08-02 14:29:44.620,82,5,24,17,72,23.75,285.0,704,53.73,255,303,280,36.5,62.4,47.6
TEDDI,2013-08-02 14:29:50.632,82,5,24,18,48,23.75,285.0,703,53.75,261,311,281,39.2,71.3,57.6
TEDDI,2013-08-02 14:29:56.642,82,5,24,19,24,23.75,285.0,704,53.73,239,307,283,36.5,68.2,56.5
TEDDI,2013-08-02 14:30:02.658,82,5,24,20,0,23.75,285.0,703,53.73,265,297,281,34.7,60.5,48.0
TEDDI,2013-08-02 14:29:40.035,110,5,24,16,96,23.89,123.3,585,48.16,286,321,305,40.3,49.1,42.8
TEDDI,2013-08-02 14:29:46.046,110,5,24,17,72,23.89,107.5,590,48.14,279,347,303,40.3,48.4,42.1
TEDDI,2013-08-02 14:29:52.056,110,5,24,18,48,23.89,125.3,590,48.14,253,333,303,40.3,52.8,42.8
TEDDI,2013-08-02 14:29:58.068,110,5,24,19,24,23.88,116.5,592,48.14,270,345,305,41.2,71.1,54.4
TEDDI,2013-08-02 14:30:04.078,110,5,24,20,0,23.88,105.7,592,48.14,232,341,301,40.3,55.3,43.5
TEDDI,2013-08-02 14:29:49.619,72,5,24,21,96,24.95,35.5,491,47.01,204,369,279,44.2,52.2,46.3
TEDDI,2013-08-02 14:29:55.629,72,5,24,22,72,24.94,42.4,494,47.01,253,301,281,44.2,63.6,48.8
TEDDI,2013-08-02 14:30:01.640,72,5,24,23,48,24.95,37.9,494,47.01,264,310,285,44.2,57.9,48.4
TEDDI,2013-08-02 14:30:07.650,72,5,24,24,24,24.95,37.3,494,47.01,228,327,277,43.5,50.6,45.8
TEDDI,2013-08-02 14:30:13.409,72,5,24,25,1,24.94,37.3,494,46.98,251,328,281,43.5,61.6,49.1
TEDDI,2013-08-02 14:29:54.867,91,5,24,21,96,23.41,19.0,597,49.15,233,301,272,48.8,52.6,50.1
TEDDI,2013-08-02 14:30:00.877,91,5,24,22,72,23.41,18.6,599,49.17,206,358,271,49.1,58.0,50.9
TEDDI,2013-08-02 14:30:06.887,91,5,24,23,48,23.41,20.2,599,49.17,261,317,276,48.4,51.4,49.4
TEDDI,2013-08-02 14:30:12.898,91,5,24,24,24,23.41,16.6,599,49.19,246,301,273,49.1,54.9,50.4
TEDDI,2013-08-02 14:30:18.914,91,5,24,25,0,23.41,19.7,599,49.19,257,291,271,49.1,55.0,50.6
TEDDI,2013-08-02 14:29:58.038,71,5,24,21,96,23.51,285.0,606,50.95,242,316,268,42.1,68.4,51.4
TEDDI,2013-08-02 14:30:04.049,71,5,24,22,72,23.50,285.0,608,50.95,212,351,259,42.1,56.4,46.3
TEDDI,2013-08-02 14:30:10.059,71,5,24,23,48,23.50,285.0,609,50.95,215,331,270,42.1,46.8,43.5
TEDDI,2013-08-02 14:30:16.072,71,5,24,24,24,23.50,285.0,609,50.95,239,289,261,41.2,47.6,43.5
TEDDI,2013-08-02 14:30:21.833,71,5,24,25,1,23.50,285.0,608,50.95,241,283,266,42.1,62.0,47.2
TEDDI,2013-08-02 14:30:08.500,82,5,24,21,96,23.75,285.0,701,53.73,230,300,275,34.7,71.4,55.3
TEDDI,2013-08-02 14:30:14.511,82,5,24,22,72,23.75,285.0,703,53.73,261,312,285,36.5,61.7,50.4
TEDDI,2013-08-02 14:30:20.522,82,5,24,23,48,23.75,285.0,704,53.73,268,299,279,36.5,57.0,48.0
TEDDI,2013-08-02 14:30:26.532,82,5,24,24,24,23.75,285.0,704,53.75,257,311,282,34.7,58.0,48.4
TEDDI,2013-08-02 14:30:32.547,82,5,24,25,0,23.75,285.0,704,53.75,270,288,278,44.2,69.6,57.6
TEDDI,2013-08-02 14:30:10.035,110,5,24,21,96,23.89,123.3,587,48.14,282,320,303,40.3,44.2,41.2
TEDDI,2013-08-02 14:30:16.046,110,5,24,22,72,23.88,115.6,591,48.14,239,362,302,40.3,58.3,44.2
TEDDI,2013-08-02 14:30:22.058,110,5,24,23,48,23.88,118.4,591,48.14,276,374,302,39.2,66.5,51.7
TEDDI,2013-08-02 14:30:28.069,110,5,24,24,24,23.88,118.4,591,48.14,256,319,301,40.3,71.6,54.2
TEDDI,2013-08-02 14:30:34.080,110,5,24,25,0,23.88,120.3,593,48.14,232,338,299,39.2,46.3,41.2
TEDDI,2013-08-02 14:30:19.520,72,5,24,26,96,24.97,39.8,491,46.98,256,313,283,43.5,54.2,46.8
TEDDI,2013-08-02 14:30:25.532,72,5,24,27,72,24.97,43.8,505,46.98,255,287,269,42.8,64.9,50.9
TEDDI,2013-08-02 14:30:31.542,72,5,24,28,48,24.97,38.2,507,46.98,254,297,272,43.5,50.4,45.3
TEDDI,2013-08-02 14:30:37.553,72,5,24,29,24,24.97,37.6,507,46.98,244,308,280,42.8,55.9,46.8
TEDDI,2013-08-02 14:30:43.564,72,5,24,30,0,24.97,39.4,507,46.98,264,303,283,44.2,58.1,48.4
TEDDI,2013-08-02 14:30:24.867,91,5,24,26,96,23.41,19.8,600,49.17,243,299,273,48.4,58.9,50.6
TEDDI,2013-08-02 14:30:30.877,91,5,24,27,72,23.41,17.1,599,49.15,261,310,279,48.8,60.5,50.6
TEDDI,2013-08-02 14:30:36.895,91,5,24,28,48,23.41,17.7,599,49.15,252,293,275,48.4,60.9,50.9
TEDDI,2013-08-02 14:30:42.913,91,5,24,29,24,23.41,20.7,599,49.17,240,299,275,48.8,55.0,50.4
TEDDI,2013-08-02 14:30:48.925,91,5,24,30,0,23.41,20.5,599,49.17,240,291,272,48.4,52.6,49.4
TEDDI,2013-08-02 14:30:27.931,71,5,24,26,96,23.51,285.0,601,50.95,243,284,267,41.2,66.6,52.6
TEDDI,2013-08-02 14:30:33.942,71,5,24,27,72,23.50,285.0,608,50.93,209,296,259,41.2,49.4,44.2
TEDDI,2013-08-02 14:30:39.954,71,5,24,28,48,23.50,285.0,609,50.93,243,277,264,41.2,48.0,43.5
TEDDI,2013-08-02 14:30:45.966,71,5,24,29,24,23.50,285.0,606,50.93,244,285,264,41.2,45.8,42.8
TEDDI,2013-08-02 14:30:51.976,71,5,24,30,0,23.50,285.0,609,50.93,246,286,266,41.2,47.2,42.8
TEDDI,2013-08-02 14:30:38.712,82,5,24,26,96,23.75,285.0,704,53.73,271,302,281,34.7,72.1,55.9
TEDDI,2013-08-02 14:30:44.723,82,5,24,27,72,23.75,285.0,704,53.70,262,328,281,34.7,60.3,49.4
TEDDI,2013-08-02 14:30:50.733,82,5,24,28,48,23.75,285.0,704,53.70,258,318,279,34.7,60.3,42.8
TEDDI,2013-08-02 14:30:56.752,82,5,24,29,24,23.75,285.0,703,53.66,252,303,278,36.5,70.3,54.5
TEDDI,2013-08-02 14:31:02.520,82,5,24,30,1,23.75,285.0,703,53.66,267,324,285,41.2,61.0,53.0
TEDDI,2013-08-02 14:30:40.141,110,5,24,26,96,23.88,125.3,590,48.16,287,382,302,40.3,51.7,42.1
TEDDI,2013-08-02 14:30:46.151,110,5,24,27,72,23.86,114.6,591,48.19,283,406,306,39.2,42.8,41.2
TEDDI,2013-08-02 14:30:52.161,110,5,24,28,48,23.88,130.5,589,48.19,212,356,299,39.2,49.1,42.1
TEDDI,2013-08-02 14:30:58.175,110,5,24,29,24,23.86,133.7,590,48.21,229,324,295,40.3,48.4,42.8
TEDDI,2013-08-02 14:31:03.936,110,5,24,30,1,23.88,117.5,591,48.21,273,337,302,40.3,60.5,45.3
TEDDI,2013-08-02 14:30:49.623,72,5,24,31,96,24.97,37.6,502,46.98,260,313,287,42.1,54.9,45.3
TEDDI,2013-08-02 14:30:55.632,72,5,24,32,72,24.97,36.4,495,46.96,272,333,302,42.8,56.1,49.8
TEDDI,2013-08-02 14:31:01.642,72,5,24,33,48,24.97,41.7,495,46.96,275,340,297,44.2,71.8,53.0
TEDDI,2013-08-02 14:31:07.654,72,5,24,34,24,24.97,42.1,494,46.98,251,347,286,44.8,66.3,51.9
TEDDI,2013-08-02 14:31:13.416,72,5,24,35,1,24.97,42.8,494,46.98,235,302,277,44.8,60.9,50.9
TEDDI,2013-08-02 14:30:54.868,91,5,24,31,96,23.39,22.6,598,49.19,247,300,271,48.0,55.8,50.9
TEDDI,2013-08-02 14:31:00.879,91,5,24,32,72,23.39,18.4,599,49.19,237,296,271,49.1,72.1,55.2
TEDDI,2013-08-02 14:31:06.896,91,5,24,33,48,23.39,20.3,599,49.19,252,284,271,48.8,61.6,52.6
TEDDI,2013-08-02 14:31:12.919,91,5,24,34,24,23.41,20.7,599,49.19,254,290,274,49.1,62.4,51.9
TEDDI,2013-08-02 14:31:18.929,91,5,24,35,0,23.39,18.4,599,49.19,255,290,272,49.1,67.0,54.7
TEDDI,2013-08-02 14:30:57.932,71,5,24,31,96,23.50,285.0,606,50.93,249,281,265,40.3,47.6,43.5
TEDDI,2013-08-02 14:31:03.944,71,5,24,32,72,23.50,285.0,608,50.93,239,287,261,42.1,60.2,46.8
TEDDI,2013-08-02 14:31:09.956,71,5,24,33,48,23.50,285.0,608,50.95,245,286,262,42.1,51.2,44.8
TEDDI,2013-08-02 14:31:15.966,71,5,24,34,24,23.48,285.0,606,50.93,246,285,267,42.1,50.1,44.2
TEDDI,2013-08-02 14:31:21.977,71,5,24,35,0,23.50,285.0,609,50.93,253,282,266,41.2,61.4,45.8
TEDDI,2013-08-02 14:31:08.607,82,5,24,31,96,23.75,285.0,698,53.61,250,309,283,39.2,75.0,61.7
TEDDI,2013-08-02 14:31:14.619,82,5,24,32,72,23.75,285.0,705,53.61,264,315,286,36.5,73.1,59.7
TEDDI,2013-08-02 14:31:20.630,82,5,24,33,48,23.75,285.0,704,53.58,241,294,276,36.5,56.5,44.2
TEDDI,2013-08-02 14:31:26.640,82,5,24,34,24,23.75,285.0,704,53.58,258,300,278,34.7,65.6,50.4
TEDDI,2013-08-02 14:31:32.656,82,5,24,35,0,23.75,285.0,703,53.58,252,309,281,34.7,59.3,47.6
TEDDI,2013-08-02 14:31:10.142,110,5,24,31,96,23.86,108.3,585,48.24,223,317,297,40.3,49.4,43.5
TEDDI,2013-08-02 14:31:16.153,110,5,24,32,72,23.88,102.4,590,48.24,222,352,299,40.3,53.0,44.2
TEDDI,2013-08-02 14:31:22.163,110,5,24,33,48,23.88,110.1,592,48.24,231,391,305,39.2,57.5,43.5
TEDDI,2013-08-02 14:31:28.176,110,5,24,34,24,23.88,138.1,593,48.24,287,318,302,39.2,48.4,41.2
TEDDI,2013-08-02 14:31:33.938,110,5,24,35,1,23.86,120.3,590,48.24,281,378,304,39.2,45.8,42.1
TEDDI,2013-08-02 14:31:19.621,72,5,24,36,96,24.95,38.8,492,46.98,253,395,290,43.5,70.3,53.0
TEDDI,2013-08-02 14:31:25.631,72,5,24,37,72,24.97,38.2,494,46.96,241,300,270,42.8,65.3,49.8
TEDDI,2013-08-02 14:31:31.642,72,5,24,38,48,24.95,38.8,494,46.98,149,316,265,43.5,53.0,47.6
TEDDI,2013-08-02 14:31:37.652,72,5,24,39,24,24.97,39.1,493,46.96,267,308,283,42.8,50.1,45.3
TEDDI,2013-08-02 14:31:43.413,72,5,24,40,1,24.95,42.1,494,46.96,245,296,278,42.8,48.0,44.8
TEDDI,2013-08-02 14:31:24.869,91,5,24,36,96,23.41,18.1,596,49.17,256,310,275,48.8,53.4,50.1
TEDDI,2013-08-02 14:31:30.891,91,5,24,37,72,23.39,18.6,599,49.15,249,283,271,48.8,55.7,50.9
TEDDI,2013-08-02 14:31:36.902,91,5,24,38,48,23.39,19.8,599,49.17,255,295,271,48.4,53.2,50.1
TEDDI,2013-08-02 14:31:42.914,91,5,24,39,24,23.39,19.4,599,49.19,257,294,272,48.8,53.6,49.8
TEDDI,2013-08-02 14:31:48.924,91,5,24,40,0,23.39,23.9,599,49.22,255,300,273,49.1,61.0,51.4
TEDDI,2013-08-02 14:31:27.932,71,5,24,36,96,23.48,285.0,606,50.93,253,278,265,41.2,49.1,42.8
TEDDI,2013-08-02 14:31:33.943,71,5,24,37,72,23.48,285.0,608,50.93,243,283,266,41.2,51.2,43.5
TEDDI,2013-08-02 14:31:39.954,71,5,24,38,48,23.48,285.0,608,50.93,245,277,265,41.2,57.3,45.3
TEDDI,2013-08-02 14:31:45.972,71,5,24,39,24,23.48,285.0,610,50.93,246,285,262,41.2,53.4,44.2
TEDDI,2013-08-02 14:31:51.982,71,5,24,40,0,23.48,285.0,608,50.93,250,282,264,40.3,48.4,42.8
TEDDI,2013-08-02 14:31:38.713,82,5,24,36,96,23.75,285.0,702,53.58,271,294,280,36.5,71.6,56.5
TEDDI,2013-08-02 14:31:44.723,82,5,24,37,72,23.75,285.0,704,53.56,266,327,283,32.4,74.3,59.8
TEDDI,2013-08-02 14:31:50.734,82,5,24,38,48,23.75,285.0,705,53.58,249,315,278,44.2,65.6,55.3
TEDDI,2013-08-02 14:31:56.747,82,5,24,39,24,23.77,285.0,705,53.58,258,298,278,34.7,54.2,40.3
TEDDI,2013-08-02 14:32:02.508,82,5,24,40,1,23.75,285.0,704,53.61,218,321,280,32.4,53.6,42.1
TEDDI,2013-08-02 14:31:40.141,110,5,24,36,96,23.86,131.5,585,48.24,221,391,300,39.2,47.6,41.2
TEDDI,2013-08-02 14:31:46.151,110,5,24,37,72,23.86,135.9,590,48.24,215,357,306,40.3,51.2,42.1
TEDDI,2013-08-02 14:31:52.162,110,5,24,38,48,23.88,139.2,590,48.21,245,350,300,39.2,45.8,41.2
TEDDI,2013-08-02 14:31:58.173,110,5,24,39,24,23.86,117.5,591,48.24,285,315,300,39.2,42.1,40.3
TEDDI,2013-08-02 14:32:03.933,110,5,24,40,1,23.86,117.5,590,48.24,286,357,307,39.2,47.2,41.2
TEDDI,2013-08-02 14:31:49.622,72,5,24,41,96,24.95,37.6,491,46.96,264,323,284,43.5,67.0,50.6
TEDDI,2013-08-02 14:31:55.633,72,5,24,42,72,24.95,38.8,494,46.96,230,307,279,42.8,46.8,44.2
TEDDI,2013-08-02 14:32:01.643,72,5,24,43,48,24.95,36.1,494,46.96,238,300,277,43.5,52.6,45.8
TEDDI,2013-08-02 14:32:07.655,72,5,24,44,24,24.95,39.8,493,46.96,243,309,279,43.5,50.4,45.3
TEDDI,2013-08-02 14:32:13.418,72,5,24,45,1,24.95,40.4,494,46.96,252,305,282,42.1,47.2,44.2
TEDDI,2013-08-02 14:31:54.871,91,5,24,41,96,23.39,22.0,596,49.24,239,307,271,48.8,51.7,49.8
TEDDI,2013-08-02 14:32:00.893,91,5,24,42,72,23.39,21.0,599,49.27,246,302,272,48.8,53.0,49.8
TEDDI,2013-08-02 14:32:06.905,91,5,24,43,48,23.39,19.7,599,49.27,258,289,271,48.4,58.3,50.6
TEDDI,2013-08-02 14:32:12.916,91,5,24,44,24,23.39,19.5,599,49.24,249,296,271,48.4,51.2,49.4
TEDDI,2013-08-02 14:32:18.927,91,5,24,45,0,23.39,21.0,599,49.24,251,288,272,48.4,50.4,49.4
TEDDI,2013-08-02 14:31:58.039,71,5,24,41,96,23.48,285.0,606,50.93,245,288,264,41.2,44.8,42.8
TEDDI,2013-08-02 14:32:04.051,71,5,24,42,72,23.48,285.0,609,50.93,203,317,261,41.2,52.2,44.2
TEDDI,2013-08-02 14:32:10.062,71,5,24,43,48,23.48,285.0,607,50.93,236,293,268,41.2,48.0,42.8
TEDDI,2013-08-02 14:32:16.074,71,5,24,44,24,23.48,285.0,609,50.93,244,321,274,41.2,49.4,44.2
TEDDI,2013-08-02 14:32:21.836,71,5,24,45,1,23.48,285.0,608,50.93,178,296,254,40.3,44.2,42.1
TEDDI,2013-08-02 14:32:08.502,82,5,24,41,96,23.75,285.0,698,53.61,265,291,277,34.7,47.2,37.9
TEDDI,2013-08-02 14:32:14.524,82,5,24,42,72,23.77,285.0,705,53.58,261,306,281,36.5,48.8,42.8
TEDDI,2013-08-02 14:32:20.534,82,5,24,43,48,23.75,285.0,705,53.61,260,304,282,34.7,65.2,49.8
TEDDI,2013-08-02 14:32:26.545,82,5,24,44,24,23.77,285.0,704,53.58,262,297,280,36.5,64.0,49.8
TEDDI,2013-08-02 14:32:32.556,82,5,24,45,0,23.77,285.0,704,53.58,263,306,282,36.5,65.8,51.7
TEDDI,2013-08-02 14:32:10.035,110,5,24,41,96,23.86,123.3,585,48.21,271,332,303,39.2,41.2,40.3
TEDDI,2013-08-02 14:32:16.046,110,5,24,42,72,23.85,122.3,592,48.21,219,381,303,39.2,44.8,40.3
TEDDI,2013-08-02 14:32:22.058,110,5,24,43,48,23.86,119.4,592,48.21,291,378,308,39.2,42.1,40.3
TEDDI,2013-08-02 14:32:28.069,110,5,24,44,24,23.86,112.8,592,48.19,259,382,300,37.9,45.8,41.2
TEDDI,2013-08-02 14:32:34.081,110,5,24,45,0,23.85,102.4,593,48.19,250,323,301,39.2,47.2,41.2
TEDDI,2013-08-02 14:32:19.623,72,5,24,46,96,24.97,41.4,491,46.96,237,304,279,42.8,47.6,44.2
TEDDI,2013-08-02 14:32:25.634,72,5,24,47,72,24.95,39.8,493,46.96,263,297,279,42.1,57.0,45.8
TEDDI,2013-08-02 14:32:31.644,72,5,24,48,48,24.97,39.1,494,46.96,208,318,277,42.8,53.0,46.3
TEDDI,2013-08-02 14:32:37.655,72,5,24,49,24,24.97,42.4,494,46.96,255,297,278,42.8,44.2,43.5
TEDDI,2013-08-02 14:32:43.416,72,5,24,50,1,24.97,37.9,494,46.96,242,292,275,42.8,59.1,46.8
TEDDI,2013-08-02 14:32:24.873,91,5,24,46,96,23.39,21.7,597,49.24,238,293,272,48.0,59.1,51.4
TEDDI,2013-08-02 14:32:30.884,91,5,24,47,72,23.39,23.1,599,49.24,260,299,276,48.8,51.2,49.8
TEDDI,2013-08-02 14:32:36.896,91,5,24,48,48,23.38,22.8,599,49.24,240,300,272,48.4,50.6,49.4
TEDDI,2013-08-02 14:32:42.907,91,5,24,49,24,23.39,25.5,599,49.24,251,305,271,49.1,59.2,50.1
TEDDI,2013-08-02 14:32:48.919,91,5,24,50,0,23.39,23.7,600,49.22,265,296,276,48.4,60.5,51.4
TEDDI,2013-08-02 14:32:27.935,71,5,24,46,96,23.48,285.0,601,50.95,244,290,265,41.2,47.6,43.5
TEDDI,2013-08-02 14:32:33.945,71,5,24,47,72,23.48,285.0,609,50.95,253,284,265,41.2,45.3,42.8
TEDDI,2013-08-02 14:32:39.955,71,5,24,48,48,23.48,285.0,608,50.95,241,276,262,41.2,44.2,42.1
TEDDI,2013-08-02 14:32:45.966,71,5,24,49,24,23.48,285.0,609,50.95,250,281,265,41.2,48.8,43.5
TEDDI,2013-08-02 14:32:51.978,71,5,24,50,0,23.48,285.0,609,50.95,238,287,264,41.2,65.5,48.0
TEDDI,2013-08-02 14:32:38.715,82,5,24,46,96,23.77,285.0,703,53.58,243,357,281,34.7,49.1,43.5
TEDDI,2013-08-02 14:32:44.732,82,5,24,47,72,23.77,285.0,703,53.61,249,304,280,34.7,64.7,51.9
TEDDI,2013-08-02 14:32:50.743,82,5,24,48,48,23.77,285.0,704,53.58,276,300,286,37.9,67.3,54.2
TEDDI,2013-08-02 14:32:56.504,82,5,24,49,25,23.77,285.0,705,53.58,265,295,279,36.5,65.0,54.2
TEDDI,2013-08-02 14:33:02.514,82,5,24,50,1,23.77,285.0,705,53.56,269,296,282,34.7,70.5,55.5
TEDDI,2013-08-02 14:32:40.142,110,5,24,46,96,23.86,125.3,587,48.19,205,359,303,40.3,42.8,40.3
TEDDI,2013-08-02 14:32:46.154,110,5,24,47,72,23.86,115.6,592,48.19,263,350,305,39.2,59.8,47.6
TEDDI,2013-08-02 14:32:52.164,110,5,24,48,48,23.85,130.5,592,48.16,275,321,303,40.3,72.0,54.4
TEDDI,2013-08-02 14:32:58.175,110,5,24,49,24,23.85,166.3,592,48.16,244,330,302,40.3,51.7,42.8
TEDDI,2013-08-02 14:33:03.936,110,5,24,50,1,23.86,128.4,592,48.14,209,399,303,40.3,66.3,51.7
TEDDI,2013-08-02 14:32:49.624,72,5,24,51,96,24.97,41.7,491,46.94,257,302,279,42.8,67.5,49.4
TEDDI,2013-08-02 14:32:55.635,72,5,24,52,72,24.97,42.1,493,46.94,249,358,281,43.5,47.2,44.8
TEDDI,2013-08-02 14:33:01.646,72,5,24,53,48,24.98,41.1,493,46.94,250,335,279,44.2,53.8,46.8
TEDDI,2013-08-02 14:33:07.657,72,5,24,54,24,24.98,47.1,493,46.94,250,302,280,43.5,52.4,45.8
TEDDI,2013-08-02 14:33:13.417,72,5,24,55,1,24.98,46.4,493,46.94,62,394,269,44.2,55.9,47.2
TEDDI,2013-08-02 14:32:54.872,91,5,24,51,96,23.39,33.0,600,49.22,242,290,266,48.4,50.9,49.4
TEDDI,2013-08-02 14:33:00.890,91,5,24,52,72,23.39,27.4,599,49.19,258,300,275,48.8,52.2,50.1
TEDDI,2013-08-02 14:33:06.902,91,5,24,53,48,23.38,25.9,599,49.19,245,288,273,48.8,52.8,50.1
TEDDI,2013-08-02 14:33:12.926,91,5,24,54,24,23.39,37.9,599,49.19,250,288,270,48.8,51.2,49.8
TEDDI,2013-08-02 14:33:18.937,91,5,24,55,0,23.39,37.0,599,49.22,252,302,269,49.1,51.9,49.8
TEDDI,2013-08-02 14:32:58.040,71,5,24,51,96,23.48,285.0,606,50.95,251,280,265,41.2,47.2,43.5
TEDDI,2013-08-02 14:33:04.052,71,5,24,52,72,23.50,285.0,608,50.98,196,353,264,41.2,47.2,44.2
TEDDI,2013-08-02 14:33:10.063,71,5,24,53,48,23.48,285.0,609,50.98,238,345,272,42.1,52.6,44.8
TEDDI,2013-08-02 14:33:16.075,71,5,24,54,24,23.48,285.0,608,50.98,237,281,263,42.1,47.6,43.5
TEDDI,2013-08-02 14:33:21.836,71,5,24,55,1,23.48,285.0,608,50.98,245,277,263,41.2,47.2,43.5
TEDDI,2013-08-02 14:33:21.842,71,5,24,55,1,23.48,285.0,608,50.98,245,277,263,41.2,47.2,43.5
TEDDI,2013-08-02 14:33:08.610,82,5,24,51,96,23.77,285.0,699,53.56,241,315,283,37.9,68.4,54.4
TEDDI,2013-08-02 14:33:14.627,82,5,24,52,72,23.77,285.0,704,53.56,258,298,280,34.7,60.1,49.4
TEDDI,2013-08-02 14:33:20.638,82,5,24,53,48,23.77,285.0,704,53.53,230,336,275,37.9,50.1,44.2
TEDDI,2013-08-02 14:33:26.648,82,5,24,54,24,23.77,285.0,705,53.53,264,298,282,40.3,67.3,51.2
TEDDI,2013-08-02 14:33:32.660,82,5,24,55,0,23.77,285.0,705,53.53,260,301,277,39.2,59.9,48.0
TEDDI,2013-08-02 14:33:10.037,110,5,24,51,96,23.86,157.1,585,48.11,229,353,303,40.3,65.3,50.6
TEDDI,2013-08-02 14:33:16.048,110,5,24,52,72,23.86,178.8,592,48.11,260,392,310,40.3,43.5,41.2
TEDDI,2013-08-02 14:33:22.060,110,5,24,53,48,23.86,162.3,592,48.11,283,334,303,40.3,48.0,42.1
TEDDI,2013-08-02 14:33:28.077,110,5,24,54,24,23.85,163.6,592,48.11,276,382,305,40.3,51.2,43.5
TEDDI,2013-08-02 14:33:34.088,110,5,24,55,0,23.86,158.4,593,48.11,230,381,303,40.3,48.4,43.5
TEDDI,2013-08-02 14:33:19.624,72,5,24,56,96,24.99,47.1,491,46.94,259,298,280,44.2,50.1,46.3
TEDDI,2013-08-02 14:33:25.635,72,5,24,57,72,24.99,47.5,504,46.94,241,308,275,45.3,56.8,49.8
TEDDI,2013-08-02 14:33:31.652,72,5,24,58,48,25.01,47.1,506,46.91,200,327,260,45.3,56.5,50.9
TEDDI,2013-08-02 14:33:37.413,72,5,24,59,25,24.99,47.5,507,46.91,220,330,279,44.2,71.4,57.0
TEDDI,2013-08-02 14:33:43.425,72,5,24,60,1,24.99,49.9,507,46.91,256,312,287,42.8,51.4,46.3
TEDDI,2013-08-02 14:33:24.982,91,5,24,56,96,23.38,40.7,599,49.19,262,293,272,49.4,55.9,51.2
TEDDI,2013-08-02 14:33:31.000,91,5,24,57,72,23.38,35.8,599,49.19,246,287,270,49.1,56.1,51.7
TEDDI,2013-08-02 14:33:37.025,91,5,24,58,48,23.38,36.4,599,49.17,252,293,272,49.1,72.6,58.4
TEDDI,2013-08-02 14:33:42.786,91,5,24,59,25,23.39,37.0,599,49.15,256,291,271,48.4,51.4,50.1
TEDDI,2013-08-02 14:33:48.796,91,5,24,60,1,23.39,35.2,599,49.15,242,301,272,48.4,55.7,51.7
TEDDI,2013-08-02 14:33:27.937,71,5,24,56,96,23.48,285.0,601,50.95,243,280,265,42.1,49.1,44.8
TEDDI,2013-08-02 14:33:33.953,71,5,24,57,72,23.48,285.0,609,50.95,197,326,263,42.1,50.4,45.3
TEDDI,2013-08-02 14:33:39.969,71,5,24,58,48,23.48,285.0,608,50.95,237,291,267,41.2,65.2,50.9
TEDDI,2013-08-02 14:33:45.980,71,5,24,59,24,23.48,285.0,609,50.95,211,280,251,42.1,48.8,44.2
TEDDI,2013-08-02 14:33:45.985,71,5,24,59,24,23.48,285.0,609,50.95,211,280,251,42.1,48.8,44.2
TEDDI,2013-08-02 14:33:51.996,71,5,24,60,0,23.48,285.0,608,50.95,250,278,267,42.1,53.0,45.3
TEDDI,2013-08-02 14:33:38.723,82,5,24,56,96,23.78,285.0,702,53.51,249,298,278,36.5,61.5,49.1
TEDDI,2013-08-02 14:33:44.733,82,5,24,57,72,23.78,285.0,704,53.51,266,302,281,39.2,54.5,47.2
TEDDI,2013-08-02 14:33:50.745,82,5,24,58,48,23.77,285.0,705,53.51,260,303,280,37.9,63.4,50.1
TEDDI,2013-08-02 14:33:56.506,82,5,24,59,25,23.77,285.0,704,53.49,265,289,278,37.9,55.3,46.8
TEDDI,2013-08-02 14:34:02.528,82,5,24,60,1,23.77,285.0,704,53.49,266,299,280,36.5,65.4,53.2
TEDDI,2013-08-02 14:33:40.038,110,5,24,56,96,23.86,164.9,588,48.14,209,370,300,39.2,63.4,46.8
TEDDI,2013-08-02 14:33:46.049,110,5,24,57,72,23.86,154.6,591,48.14,286,328,304,40.3,48.8,43.5
TEDDI,2013-08-02 14:33:52.059,110,5,24,58,48,23.85,150.9,592,48.14,245,322,298,39.2,68.0,53.4
TEDDI,2013-08-02 14:33:58.070,110,5,24,59,24,23.86,174.5,592,48.16,214,377,300,50.9,63.2,52.8
TEDDI,2013-08-02 14:34:04.082,110,5,24,60,0,23.85,158.4,593,48.14,227,402,306,50.6,52.8,51.4
TEDDI,2013-08-02 14:33:49.624,72,5,24,61,96,25.01,51.1,497,46.89,257,313,288,42.8,57.9,50.4
TEDDI,2013-08-02 14:33:55.634,72,5,24,62,72,25.01,44.5,495,46.89,213,418,319,43.5,56.2,49.4
TEDDI,2013-08-02 14:34:01.644,72,5,24,63,48,25.01,49.4,494,46.89,258,309,281,45.3,54.2,48.0
TEDDI,2013-08-02 14:34:07.656,72,5,24,64,24,24.99,46.0,494,46.91,250,308,287,45.3,56.4,49.1
TEDDI,2013-08-02 14:34:13.417,72,5,24,65,1,24.99,41.4,494,46.91,249,328,286,44.8,55.7,48.4
TEDDI,2013-08-02 14:33:54.875,91,5,24,61,96,23.38,33.8,595,49.12,259,302,275,49.1,55.8,50.9
TEDDI,2013-08-02 14:34:00.885,91,5,24,62,72,23.38,38.8,599,49.10,249,284,270,49.4,53.0,50.4
TEDDI,2013-08-02 14:34:06.895,91,5,24,63,48,23.38,40.4,599,49.10,256,301,273,49.4,53.8,50.9
TEDDI,2013-08-02 14:34:12.907,91,5,24,64,24,23.38,25.3,599,49.10,171,422,272,49.4,54.2,50.6
TEDDI,2013-08-02 14:34:18.919,91,5,24,65,0,23.39,23.3,600,49.10,244,327,277,49.4,55.9,51.2
TEDDI,2013-08-02 14:33:58.042,71,5,24,61,96,23.48,285.0,606,50.95,248,280,266,42.8,47.6,44.2
TEDDI,2013-08-02 14:34:04.052,71,5,24,62,72,23.48,285.0,608,50.95,239,281,265,43.5,47.2,44.8
TEDDI,2013-08-02 14:34:10.063,71,5,24,63,48,23.50,285.0,609,50.95,241,284,265,43.5,49.1,45.3
TEDDI,2013-08-02 14:34:16.076,71,5,24,64,24,23.48,285.0,609,50.95,196,438,271,43.5,48.0,45.3
TEDDI,2013-08-02 14:34:21.837,71,5,24,65,1,23.48,285.0,606,50.93,241,290,264,42.8,47.6,44.8
TEDDI,2013-08-02 14:34:08.719,82,5,24,61,96,23.78,285.0,699,53.47,266,292,281,36.5,60.7,46.3
TEDDI,2013-08-02 14:34:14.728,82,5,24,62,72,23.78,285.0,705,53.47,236,313,279,34.7,56.9,42.1
TEDDI,2013-08-02 14:34:20.738,82,5,24,63,48,23.78,285.0,704,53.47,244,324,280,39.2,65.8,50.6
TEDDI,2013-08-02 14:34:26.751,82,5,24,64,24,23.78,285.0,705,53.47,236,365,283,40.3,57.9,49.8
TEDDI,2013-08-02 14:34:32.511,82,5,24,65,1,23.78,285.0,704,53.47,241,305,273,34.7,61.3,49.1
TEDDI,2013-08-02 14:34:10.037,110,5,24,61,96,23.85,159.7,590,48.14,269,380,306,51.4,52.8,51.9
TEDDI,2013-08-02 14:34:16.049,110,5,24,62,72,23.85,138.1,592,48.16,227,333,291,50.6,52.8,51.9
TEDDI,2013-08-02 14:34:22.060,110,5,24,63,48,23.86,141.5,590,48.16,255,374,310,51.7,64.5,54.9
TEDDI,2013-08-02 14:34:28.072,110,5,24,64,24,23.86,157.1,591,48.14,228,388,302,54.4,66.7,59.1
TEDDI,2013-08-02 14:34:34.083,110,5,24,65,0,23.85,144.9,592,48.14,288,319,305,44.2,68.6,57.5
TEDDI,2013-08-02 14:34:19.525,72,5,24,66,96,24.99,38.8,491,46.89,180,294,259,44.8,59.5,48.8
TEDDI,2013-08-02 14:34:25.537,72,5,24,67,72,24.98,49.4,506,46.89,239,304,270,45.3,50.6,47.6
TEDDI,2013-08-02 14:34:31.547,72,5,24,68,48,24.99,47.1,507,46.89,239,294,267,45.3,64.8,50.4
TEDDI,2013-08-02 14:34:37.557,72,5,24,69,24,24.99,45.2,507,46.89,256,299,279,44.2,51.9,47.2
TEDDI,2013-08-02 14:34:43.567,72,5,24,70,0,24.99,46.7,507,46.89,263,321,284,43.5,46.3,44.2
TEDDI,2013-08-02 14:34:24.983,91,5,24,66,96,23.38,37.9,597,49.07,258,289,272,49.4,51.4,50.4
TEDDI,2013-08-02 14:34:30.995,91,5,24,67,72,23.39,31.2,599,49.10,259,285,273,49.8,66.4,53.0
TEDDI,2013-08-02 14:34:37.006,91,5,24,68,48,23.38,32.5,599,49.10,212,298,268,49.1,52.2,50.1
TEDDI,2013-08-02 14:34:42.768,91,5,24,69,25,23.38,36.1,599,49.10,247,396,281,48.8,50.6,49.8
TEDDI,2013-08-02 14:34:48.779,91,5,24,70,1,23.39,30.4,599,49.07,170,366,269,49.4,53.0,50.4
TEDDI,2013-08-02 14:34:28.043,71,5,24,66,96,23.50,285.0,601,50.95,239,281,262,44.2,49.4,45.8
TEDDI,2013-08-02 14:34:34.061,71,5,24,67,72,23.50,285.0,610,50.95,249,278,263,43.5,51.7,46.3
TEDDI,2013-08-02 14:34:40.072,71,5,24,68,48,23.50,285.0,606,50.95,252,301,269,41.2,45.3,42.8
TEDDI,2013-08-02 14:34:45.833,71,5,24,69,25,23.48,285.0,608,50.93,197,325,258,42.1,51.4,44.8
TEDDI,2013-08-02 14:34:51.845,71,5,24,70,1,23.47,285.0,608,50.95,245,342,275,42.1,50.6,44.2
TEDDI,2013-08-02 14:34:38.506,82,5,24,66,96,23.78,285.0,699,53.47,266,301,282,36.5,60.9,48.8
TEDDI,2013-08-02 14:34:44.516,82,5,24,67,72,23.78,285.0,704,53.47,255,299,281,36.5,62.8,48.4
TEDDI,2013-08-02 14:34:50.527,82,5,24,68,48,23.78,285.0,704,53.47,245,321,280,36.5,58.2,44.8
TEDDI,2013-08-02 14:34:56.537,82,5,24,69,24,23.78,285.0,704,53.49,259,302,281,37.9,58.8,49.4
TEDDI,2013-08-02 14:35:02.549,82,5,24,70,0,23.78,285.0,705,53.49,264,295,280,37.9,73.1,54.2
TEDDI,2013-08-02 14:34:40.144,110,5,24,66,96,23.85,147.3,589,48.11,223,347,307,42.1,54.2,44.8
TEDDI,2013-08-02 14:34:46.154,110,5,24,67,72,23.85,137.0,590,48.11,260,330,298,39.2,46.3,42.1
TEDDI,2013-08-02 14:34:52.165,110,5,24,68,48,23.85,149.7,593,48.11,288,322,303,39.2,45.3,40.3
TEDDI,2013-08-02 14:34:58.177,110,5,24,69,24,23.85,189.2,592,48.11,278,392,310,39.2,49.8,42.1
TEDDI,2013-08-02 14:35:03.937,110,5,24,70,1,23.85,154.6,591,48.09,227,382,304,39.2,52.8,42.1
TEDDI,2013-08-02 14:34:49.626,72,5,24,71,96,24.98,44.2,501,46.89,254,311,284,43.5,48.4,44.8
TEDDI,2013-08-02 14:34:55.638,72,5,24,72,72,24.98,48.7,495,46.89,267,351,299,43.5,52.8,46.8
TEDDI,2013-08-02 14:35:01.649,72,5,24,73,48,24.98,46.0,494,46.89,261,325,295,42.8,54.7,45.8
TEDDI,2013-08-02 14:35:07.662,72,5,24,74,24,24.98,46.7,494,46.89,248,317,288,42.8,49.1,44.8
TEDDI,2013-08-02 14:35:13.423,72,5,24,75,1,24.97,51.5,494,46.89,262,310,280,43.5,51.7,47.6
TEDDI,2013-08-02 14:34:54.876,91,5,24,71,96,23.38,35.2,595,49.10,235,290,270,49.1,56.4,51.2
TEDDI,2013-08-02 14:35:00.888,91,5,24,72,72,23.38,36.1,599,49.10,204,346,272,48.8,65.8,52.2
TEDDI,2013-08-02 14:35:06.898,91,5,24,73,48,23.38,33.3,603,49.12,257,289,273,48.8,54.7,50.4
TEDDI,2013-08-02 14:35:12.909,91,5,24,74,24,23.38,36.4,599,49.12,256,290,274,49.8,54.5,51.4
TEDDI,2013-08-02 14:35:18.921,91,5,24,75,0,23.38,33.8,599,49.12,255,305,273,49.1,57.9,51.7
TEDDI,2013-08-02 14:34:58.044,71,5,24,71,96,23.48,285.0,601,50.93,183,351,248,42.1,59.6,47.6
TEDDI,2013-08-02 14:35:04.054,71,5,24,72,72,23.48,285.0,608,50.93,242,292,266,42.1,69.5,50.6
TEDDI,2013-08-02 14:35:10.066,71,5,24,73,48,23.48,285.0,609,50.90,247,289,266,41.2,61.2,46.8
TEDDI,2013-08-02 14:35:16.078,71,5,24,74,24,23.50,285.0,606,50.93,248,289,265,42.1,50.6,44.8
TEDDI,2013-08-02 14:35:21.847,71,5,24,75,1,23.48,285.0,609,50.90,251,283,265,41.2,49.8,43.5
TEDDI,2013-08-02 14:35:08.720,82,5,24,71,96,23.79,285.0,704,53.49,267,304,283,37.9,74.1,59.9
TEDDI,2013-08-02 14:35:14.729,82,5,24,72,72,23.79,285.0,705,53.49,211,293,272,36.5,69.0,58.0
TEDDI,2013-08-02 14:35:20.741,82,5,24,73,48,23.79,285.0,704,53.51,271,292,280,40.3,74.3,62.7
TEDDI,2013-08-02 14:35:26.753,82,5,24,74,24,23.79,285.0,705,53.49,270,311,284,40.3,72.9,62.5
TEDDI,2013-08-02 14:35:32.521,82,5,24,75,1,23.79,285.0,705,53.49,252,303,280,42.8,75.5,59.6
TEDDI,2013-08-02 14:35:10.145,110,5,24,71,96,23.85,169.0,585,48.09,284,322,306,40.3,45.3,41.2
TEDDI,2013-08-02 14:35:16.155,110,5,24,72,72,23.85,158.4,593,48.09,270,360,304,40.3,44.8,42.1
TEDDI,2013-08-02 14:35:22.167,110,5,24,73,48,23.85,161.0,592,48.09,240,373,301,40.3,52.2,43.5
TEDDI,2013-08-02 14:35:28.178,110,5,24,74,24,23.86,162.3,591,48.11,230,358,303,39.2,45.8,41.2
TEDDI,2013-08-02 14:35:33.940,110,5,24,75,1,23.85,139.2,592,48.11,229,326,297,39.2,44.8,40.3
TEDDI,2013-08-02 14:35:19.627,72,5,24,76,96,24.97,44.2,492,46.89,244,295,273,43.5,63.4,50.6
TEDDI,2013-08-02 14:35:25.638,72,5,24,77,72,24.97,43.1,494,46.89,242,304,281,44.2,50.9,47.2
TEDDI,2013-08-02 14:35:31.650,72,5,24,78,48,24.97,40.1,494,46.89,262,294,281,43.5,47.6,44.8
TEDDI,2013-08-02 14:35:37.662,72,5,24,79,24,24.97,40.1,494,46.89,257,297,279,42.8,48.8,44.8
TEDDI,2013-08-02 14:35:43.424,72,5,24,80,1,24.95,44.5,494,46.89,224,374,272,43.5,51.2,45.8
TEDDI,2013-08-02 14:35:24.877,91,5,24,76,96,23.38,34.9,597,49.15,253,290,275,48.8,61.2,51.7
TEDDI,2013-08-02 14:35:30.889,91,5,24,77,72,23.38,26.7,599,49.15,251,301,269,48.4,51.7,50.1
TEDDI,2013-08-02 14:35:36.900,91,5,24,78,48,23.37,19.0,599,49.15,257,296,271,48.4,54.0,49.8
TEDDI,2013-08-02 14:35:42.911,91,5,24,79,24,23.38,21.0,599,49.15,240,302,276,48.4,53.4,50.1
TEDDI,2013-08-02 14:35:48.922,91,5,24,80,0,23.37,30.7,599,49.17,243,303,269,48.8,52.2,49.8
TEDDI,2013-08-02 14:35:28.044,71,5,24,76,96,23.48,285.0,601,50.90,250,283,268,41.2,50.9,44.2
TEDDI,2013-08-02 14:35:34.056,71,5,24,77,72,23.48,285.0,607,50.90,243,276,261,40.3,49.8,42.8
TEDDI,2013-08-02 14:35:40.067,71,5,24,78,48,23.48,285.0,610,50.90,245,275,264,41.2,45.8,42.1
TEDDI,2013-08-02 14:35:46.080,71,5,24,79,24,23.48,285.0,605,50.90,252,292,268,40.3,50.9,42.1
TEDDI,2013-08-02 14:35:51.841,71,5,24,80,1,23.48,285.0,610,50.90,232,288,264,41.2,48.8,44.2
TEDDI,2013-08-02 14:35:38.615,82,5,24,76,96,23.81,285.0,699,53.49,257,310,282,44.8,71.3,59.3
TEDDI,2013-08-02 14:35:44.625,82,5,24,77,72,23.79,285.0,704,53.49,271,303,283,34.7,72.6,58.8
TEDDI,2013-08-02 14:35:50.636,82,5,24,78,48,23.79,285.0,705,53.49,267,315,284,37.9,73.8,63.9
TEDDI,2013-08-02 14:35:56.646,82,5,24,79,24,23.79,285.0,704,53.49,259,301,277,36.5,70.1,56.1
TEDDI,2013-08-02 14:36:02.657,82,5,24,80,0,23.81,285.0,704,53.51,261,296,280,43.5,73.0,59.6
TEDDI,2013-08-02 14:35:40.143,110,5,24,76,96,23.85,119.4,585,48.14,220,317,297,40.3,44.2,40.3
TEDDI,2013-08-02 14:35:46.155,110,5,24,77,72,23.85,158.4,592,48.14,228,318,299,39.2,49.1,41.2
TEDDI,2013-08-02 14:35:52.165,110,5,24,78,48,23.85,135.9,593,48.11,257,378,308,40.3,53.6,44.2
TEDDI,2013-08-02 14:35:58.178,110,5,24,79,24,23.85,152.1,592,48.11,274,326,302,40.3,69.6,53.6
TEDDI,2013-08-02 14:36:03.944,110,5,24,80,1,23.85,140.3,592,48.11,288,388,305,39.2,45.3,42.1
TEDDI,2013-08-02 14:35:49.628,72,5,24,81,96,24.97,46.0,491,46.89,247,307,280,43.5,49.4,45.8
TEDDI,2013-08-02 14:35:55.638,72,5,24,82,72,24.95,46.0,494,46.89,257,329,287,44.2,59.5,49.1
TEDDI,2013-08-02 14:36:01.649,72,5,24,83,48,24.97,47.5,494,46.86,257,296,275,43.5,55.8,48.0
TEDDI,2013-08-02 14:36:07.663,72,5,24,84,24,24.95,46.0,494,46.89,255,299,281,43.5,52.8,46.8
TEDDI,2013-08-02 14:36:13.423,72,5,24,85,1,24.97,47.1,494,46.89,259,307,280,43.5,50.1,46.3
TEDDI,2013-08-02 14:35:54.877,91,5,24,81,96,23.37,36.4,597,49.22,260,284,271,48.4,71.1,53.8
TEDDI,2013-08-02 14:36:00.889,91,5,24,82,72,23.37,32.7,600,49.27,248,297,272,48.8,58.8,51.7
TEDDI,2013-08-02 14:36:06.906,91,5,24,83,48,23.38,35.8,599,49.29,254,288,271,48.8,52.2,50.1
TEDDI,2013-08-02 14:36:12.918,91,5,24,84,24,23.37,38.8,599,49.27,258,299,274,48.8,51.9,50.1
TEDDI,2013-08-02 14:36:18.929,91,5,24,85,0,23.37,35.2,599,49.27,241,301,273,48.8,67.9,54.5
TEDDI,2013-08-02 14:35:57.938,71,5,24,81,96,23.48,285.0,601,50.90,245,285,264,42.1,67.3,54.5
TEDDI,2013-08-02 14:36:03.948,71,5,24,82,72,23.50,285.0,609,50.93,249,291,268,41.2,46.8,42.8
TEDDI,2013-08-02 14:36:09.960,71,5,24,83,48,23.48,285.0,609,50.90,242,281,264,42.1,51.2,44.2
TEDDI,2013-08-02 14:36:15.971,71,5,24,84,24,23.48,285.0,609,50.93,211,300,264,42.1,74.2,55.0
TEDDI,2013-08-02 14:36:21.986,71,5,24,85,0,23.50,285.0,609,50.93,203,330,263,42.1,53.0,45.3
TEDDI,2013-08-02 14:36:08.721,82,5,24,81,96,23.81,285.0,703,53.51,270,299,281,39.2,72.9,61.6
TEDDI,2013-08-02 14:36:14.731,82,5,24,82,72,23.81,285.0,704,53.49,261,303,283,41.2,74.2,64.1
TEDDI,2013-08-02 14:36:20.743,82,5,24,83,48,23.81,285.0,704,53.51,260,297,281,34.7,72.2,59.4
TEDDI,2013-08-02 14:36:26.759,82,5,24,84,24,23.81,285.0,705,53.53,265,298,281,36.5,71.9,54.0
TEDDI,2013-08-02 14:36:32.521,82,5,24,85,1,23.81,285.0,705,53.53,255,295,275,34.7,50.1,42.1
TEDDI,2013-08-02 14:36:10.037,110,5,24,81,96,23.85,149.7,584,48.11,211,322,296,40.3,66.9,47.6
TEDDI,2013-08-02 14:36:16.047,110,5,24,82,72,23.85,123.3,593,48.11,232,345,310,42.1,72.6,59.1
TEDDI,2013-08-02 14:36:22.058,110,5,24,83,48,23.85,143.8,592,48.11,274,332,302,40.3,46.8,42.1
TEDDI,2013-08-02 14:36:28.070,110,5,24,84,24,23.84,143.8,590,48.11,273,382,302,40.3,63.0,48.0
TEDDI,2013-08-02 14:36:34.081,110,5,24,85,0,23.85,142.6,590,48.11,249,384,304,40.3,47.2,42.1
TEDDI,2013-08-02 14:36:19.523,72,5,24,86,96,24.97,48.3,491,46.86,255,319,284,43.5,69.7,54.2
TEDDI,2013-08-02 14:36:25.533,72,5,24,87,72,24.97,43.1,504,46.86,243,294,269,44.2,68.5,54.0
TEDDI,2013-08-02 14:36:31.545,72,5,24,88,48,24.97,44.5,506,46.86,227,304,269,42.8,60.4,50.1
TEDDI,2013-08-02 14:36:37.556,72,5,24,89,24,24.97,46.0,507,46.86,261,311,279,43.5,47.6,44.8
TEDDI,2013-08-02 14:36:43.567,72,5,24,90,0,24.97,42.4,507,46.86,264,318,289,44.2,49.8,45.3
TEDDI,2013-08-02 14:36:24.879,91,5,24,86,96,23.37,34.6,597,49.27,239,325,277,49.1,71.5,55.0
TEDDI,2013-08-02 14:36:30.896,91,5,24,87,72,23.37,29.2,602,49.27,213,295,268,49.1,56.5,51.9
TEDDI,2013-08-02 14:36:36.906,91,5,24,88,48,23.37,30.0,599,49.24,264,287,273,48.4,50.4,49.1
TEDDI,2013-08-02 14:36:42.917,91,5,24,89,24,23.37,30.4,599,49.27,235,288,269,48.8,50.6,49.4
TEDDI,2013-08-02 14:36:48.929,91,5,24,90,0,23.37,38.5,599,49.27,238,287,269,48.8,50.6,49.4
TEDDI,2013-08-02 14:36:27.941,71,5,24,86,96,23.48,285.0,602,50.93,247,283,263,41.2,65.5,49.1
TEDDI,2013-08-02 14:36:33.953,71,5,24,87,72,23.48,285.0,609,50.95,248,280,265,41.2,46.8,43.5
TEDDI,2013-08-02 14:36:39.965,71,5,24,88,48,23.48,285.0,608,50.95,237,280,261,42.1,48.0,43.5
TEDDI,2013-08-02 14:36:45.974,71,5,24,89,24,23.50,285.0,609,50.95,243,284,263,42.1,51.4,43.5
TEDDI,2013-08-02 14:36:51.985,71,5,24,90,0,23.48,285.0,609,50.95,234,285,261,41.2,68.4,48.8
TEDDI,2013-08-02 14:36:38.723,82,5,24,86,96,23.81,285.0,699,53.53,266,313,284,36.5,69.1,57.0
TEDDI,2013-08-02 14:36:44.733,82,5,24,87,72,23.81,285.0,705,53.56,253,301,279,36.5,60.0,47.6
TEDDI,2013-08-02 14:36:50.751,82,5,24,88,48,23.81,285.0,705,53.56,232,307,280,34.7,47.6,40.3
TEDDI,2013-08-02 14:36:56.513,82,5,24,89,25,23.82,285.0,706,53.58,266,332,285,36.5,60.3,51.4
TEDDI,2013-08-02 14:37:02.529,82,5,24,90,1,23.81,285.0,706,53.56,260,296,275,37.9,55.7,47.2
TEDDI,2013-08-02 14:36:40.039,110,5,24,86,96,23.85,153.4,587,48.11,258,370,305,40.3,42.8,40.3
TEDDI,2013-08-02 14:36:46.049,110,5,24,87,72,23.85,153.4,592,48.11,278,324,302,40.3,47.2,41.2
TEDDI,2013-08-02 14:36:52.059,110,5,24,88,48,23.85,154.6,591,48.11,288,324,301,40.3,55.0,42.8
TEDDI,2013-08-02 14:36:58.070,110,5,24,89,24,23.85,123.3,593,48.11,286,354,304,40.3,49.8,42.1
TEDDI,2013-08-02 14:37:04.081,110,5,24,90,0,23.85,137.0,593,48.14,256,338,306,40.3,55.2,43.5
TEDDI,2013-08-02 14:36:49.629,72,5,24,91,96,24.98,51.9,502,46.86,255,312,287,43.5,46.3,44.2
TEDDI,2013-08-02 14:36:55.639,72,5,24,92,72,24.98,48.3,495,46.86,276,319,300,43.5,51.7,45.3
TEDDI,2013-08-02 14:37:01.650,72,5,24,93,48,24.98,38.2,494,46.86,252,381,306,44.8,69.2,51.2
TEDDI,2013-08-02 14:37:07.663,72,5,24,94,24,24.98,37.3,494,46.86,191,309,269,44.8,64.8,49.1
TEDDI,2013-08-02 14:37:13.423,72,5,24,95,1,24.98,38.5,494,46.86,268,308,286,45.8,65.2,51.2
TEDDI,2013-08-02 14:36:54.880,91,5,24,91,96,23.37,34.4,597,49.24,246,293,275,48.4,60.5,50.4
TEDDI,2013-08-02 14:37:00.890,91,5,24,92,72,23.37,21.0,599,49.22,245,312,272,48.8,67.5,53.8
TEDDI,2013-08-02 14:37:06.901,91,5,24,93,48,23.37,17.1,599,49.22,256,298,271,49.1,53.2,49.8
TEDDI,2013-08-02 14:37:12.911,91,5,24,94,24,23.37,18.9,599,49.22,252,298,271,49.1,60.5,51.7
TEDDI,2013-08-02 14:37:18.923,91,5,24,95,0,23.37,24.7,599,49.24,245,312,274,48.8,51.9,50.1
TEDDI,2013-08-02 14:36:58.046,71,5,24,91,96,23.48,285.0,605,50.95,250,282,265,42.1,58.5,44.8
TEDDI,2013-08-02 14:37:04.058,71,5,24,92,72,23.50,285.0,609,50.98,247,287,263,40.3,58.1,45.8
TEDDI,2013-08-02 14:37:10.068,71,5,24,93,48,23.48,285.0,609,50.95,251,285,267,42.1,48.0,44.2
TEDDI,2013-08-02 14:37:16.080,71,5,24,94,24,23.48,285.0,609,50.95,256,283,266,42.8,50.1,44.8
TEDDI,2013-08-02 14:37:21.841,71,5,24,95,1,23.48,285.0,609,50.93,237,287,265,41.2,48.8,43.5
TEDDI,2013-08-02 14:37:08.723,82,5,24,91,96,23.82,285.0,699,53.61,261,307,283,39.2,69.8,58.7
TEDDI,2013-08-02 14:37:14.733,82,5,24,92,72,23.82,285.0,705,53.61,261,296,280,40.3,72.7,56.9
TEDDI,2013-08-02 14:37:20.745,82,5,24,93,48,23.82,285.0,705,53.58,267,302,280,36.5,67.1,53.0
TEDDI,2013-08-02 14:37:26.756,82,5,24,94,24,23.84,285.0,704,53.61,272,294,281,39.2,65.6,57.1
TEDDI,2013-08-02 14:37:32.516,82,5,24,95,1,23.82,285.0,706,53.61,262,291,278,37.9,60.9,51.4
TEDDI,2013-08-02 14:37:10.038,110,5,24,91,96,23.85,111.9,588,48.14,270,324,305,40.3,47.2,42.1
TEDDI,2013-08-02 14:37:16.048,110,5,24,92,72,23.84,133.7,592,48.11,286,319,302,40.3,51.7,44.2
TEDDI,2013-08-02 14:37:22.059,110,5,24,93,48,23.85,127.3,592,48.11,254,388,301,39.2,44.8,41.2
TEDDI,2013-08-02 14:37:28.070,110,5,24,94,24,23.85,126.3,592,48.11,215,377,302,39.2,66.2,47.6
TEDDI,2013-08-02 14:37:34.081,110,5,24,95,0,23.85,98.3,592,48.11,263,354,305,40.3,70.3,49.4
TEDDI,2013-08-02 14:37:19.635,72,5,24,96,96,24.97,43.1,492,46.86,248,313,281,44.8,48.8,46.3
TEDDI,2013-08-02 14:37:25.646,72,5,24,97,72,24.97,39.4,506,46.84,253,293,269,43.5,62.5,47.6
TEDDI,2013-08-02 14:37:31.658,72,5,24,98,48,24.97,41.1,507,46.84,246,319,271,43.5,70.6,51.2
TEDDI,2013-08-02 14:37:37.420,72,5,24,99,25,24.97,38.8,507,46.84,229,337,283,44.2,52.6,45.8
TEDDI,2013-08-02 14:37:43.430,72,5,24,100,1,24.97,39.4,507,46.84,221,318,275,43.5,49.4,46.3
TEDDI,2013-08-02 14:37:24.881,91,5,24,96,96,23.35,21.2,600,49.22,224,293,270,48.0,68.6,52.6
TEDDI,2013-08-02 14:37:30.892,91,5,24,97,72,23.37,20.2,599,49.24,254,319,276,48.8,68.7,54.5
TEDDI,2013-08-02 14:37:36.904,91,5,24,98,48,23.35,19.2,599,49.24,223,310,267,48.8,51.9,50.1
TEDDI,2013-08-02 14:37:42.914,91,5,24,99,24,23.35,19.2,599,49.24,214,371,272,48.8,52.6,50.1
TEDDI,2013-08-02 14:37:48.926,91,5,24,100,0,23.35,17.1,599,49.24,251,282,265,48.0,55.3,50.4
TEDDI,2013-08-02 14:37:28.046,71,5,24,96,96,23.48,285.0,601,50.93,238,280,266,42.1,67.1,49.4
TEDDI,2013-08-02 14:37:34.058,71,5,24,97,72,23.48,285.0,610,50.93,246,288,265,41.2,70.8,51.7
TEDDI,2013-08-02 14:37:40.067,71,5,24,98,48,23.50,285.0,609,50.93,244,290,265,41.2,44.8,42.8
TEDDI,2013-08-02 14:37:46.081,71,5,24,99,24,23.50,285.0,609,50.93,248,278,267,41.2,47.2,43.5
TEDDI,2013-08-02 14:37:51.842,71,5,24,100,1,23.48,285.0,608,50.93,254,287,266,42.1,50.9,44.2
TEDDI,2013-08-02 14:37:38.512,82,5,24,96,96,23.82,285.0,699,53.58,266,294,278,45.8,74.3,62.1
TEDDI,2013-08-02 14:37:44.522,82,5,24,97,72,23.82,285.0,704,53.58,266,303,281,37.9,68.4,56.4
TEDDI,2013-08-02 14:37:50.533,82,5,24,98,48,23.82,285.0,705,53.58,245,385,281,37.9,69.0,58.8
TEDDI,2013-08-02 14:37:56.544,82,5,24,99,24,23.84,285.0,705,53.58,249,310,282,34.7,58.6,48.8
TEDDI,2013-08-02 14:38:02.556,82,5,24,100,0,23.84,285.0,704,53.58,267,303,282,36.5,69.6,55.2
TEDDI,2013-08-02 14:37:40.145,110,5,24,96,96,23.85,127.3,588,48.11,214,320,297,39.2,44.8,40.3
TEDDI,2013-08-02 14:37:46.157,110,5,24,97,72,23.84,118.4,584,48.09,301,343,319,39.2,43.5,41.2
TEDDI,2013-08-02 14:37:52.167,110,5,24,98,48,23.84,119.4,584,48.11,258,343,317,39.2,46.8,40.3
TEDDI,2013-08-02 14:37:58.180,110,5,24,99,24,23.84,125.3,584,48.09,290,344,319,40.3,50.4,42.1
TEDDI,2013-08-02 14:38:03.941,110,5,24,100,1,23.84,123.3,584,48.09,298,338,315,39.2,62.5,45.8
TEDDI,2013-08-02 14:37:49.632,72,5,24,101,96,24.97,35.8,498,46.84,251,318,287,43.5,49.4,45.3
TEDDI,2013-08-02 14:37:55.642,72,5,24,102,72,24.97,34.4,495,46.84,273,377,309,42.8,45.8,44.2
TEDDI,2013-08-02 14:38:01.654,72,5,24,103,48,24.97,38.2,494,46.84,265,315,288,43.5,54.2,45.3
TEDDI,2013-08-02 14:38:07.667,72,5,24,104,24,24.97,35.2,494,46.84,264,314,286,42.8,45.8,43.5
TEDDI,2013-08-02 14:38:13.428,72,5,24,105,1,24.97,38.2,494,46.84,249,344,283,42.8,59.0,48.0
TEDDI,2013-08-02 14:37:54.882,91,5,24,101,96,23.35,16.3,597,49.24,261,285,274,48.4,50.6,49.1
TEDDI,2013-08-02 14:38:00.892,91,5,24,102,72,23.35,16.3,599,49.24,248,287,270,48.8,64.5,52.2
TEDDI,2013-08-02 14:38:06.904,91,5,24,103,48,23.35,17.3,600,49.22,248,290,269,48.8,50.6,49.1
TEDDI,2013-08-02 14:38:12.915,91,5,24,104,24,23.35,17.0,599,49.22,240,291,273,48.4,57.0,50.1
TEDDI,2013-08-02 14:38:18.925,91,5,24,105,0,23.35,16.7,600,49.19,255,291,272,48.4,66.7,52.6
TEDDI,2013-08-02 14:37:57.942,71,5,24,101,96,23.48,285.0,601,50.93,245,282,264,42.1,66.3,52.2
TEDDI,2013-08-02 14:38:03.953,71,5,24,102,72,23.48,285.0,608,50.90,257,289,268,42.1,71.5,51.4
TEDDI,2013-08-02 14:38:09.963,71,5,24,103,48,23.48,285.0,609,50.90,240,276,260,41.2,44.2,42.1
TEDDI,2013-08-02 14:38:15.975,71,5,24,104,24,23.48,