device,time,temperature,co2,humidity,battery,dewpoint,room
70B3D55F200001BB,2021-04-22 00:04:40+00,17.8,455,58.5,3,9.55,lounge
70B3D55F200001BC,2021-04-22 00:02:19+00,19.8,445,52,3,9.65,main bedroom
70B3D55F200001B9,2021-04-22 00:02:48+00,18.4,464,57,3,9.72,second bedroom
70B3D55F200001BC,2021-04-22 00:09:51+00,19.7,430,52,3,9.56,main bedroom
70B3D55F200001B9,2021-04-22 00:10:20+00,18.4,449,57,3,9.72,second bedroom
70B3D55F200001BC,2021-04-22 00:17:20+00,19.6,428,52,3,9.47,main bedroom
70B3D55F200001BB,2021-04-22 00:12:09+00,17.8,449,58.5,3,9.55,lounge
70B3D55F200001B9,2021-04-22 00:17:48+00,18.3,453,57,3,9.63,second bedroom
70B3D55F200001BB,2021-04-22 00:19:38+00,17.7,465,58.5,3,9.46,lounge
70B3D55F200001BC,2021-04-22 00:24:51+00,19.6,439,52.5,3,9.61,main bedroom
70B3D55F200001B9,2021-04-22 00:25:18+00,18.3,457,57,3,9.63,second bedroom
70B3D55F200001B9,2021-04-22 00:32:49+00,18.2,449,57,3,9.54,second bedroom
70B3D55F200001BB,2021-04-22 00:27:10+00,17.7,458,59,3,9.58,lounge
70B3D55F200001BB,2021-04-22 00:42:08+00,17.6,443,59,3,9.49,lounge
70B3D55F200001BC,2021-04-22 00:32:23+00,19.5,446,52.5,3,9.52,main bedroom
70B3D55F200001BB,2021-04-22 00:34:39+00,17.7,451,59,3,9.58,lounge
70B3D55F200001B9,2021-04-22 00:40:21+00,18.2,447,57,3,9.54,second bedroom
70B3D55F200001BC,2021-04-22 00:39:54+00,19.5,437,52.5,3,9.52,main bedroom
70B3D55F200001BB,2021-04-22 00:49:39+00,17.6,453,59,3,9.49,lounge
70B3D55F200001BC,2021-04-22 00:47:25+00,19.4,445,52.5,3,9.43,main bedroom
70B3D55F200001B9,2021-04-22 00:47:49+00,18.2,444,57,3,9.54,second bedroom
70B3D55F200001B9,2021-04-22 00:55:21+00,18.1,451,57,3,9.44,second bedroom
70B3D55F200001BC,2021-04-22 00:54:56+00,19.3,440,52.5,3,9.33,main bedroom
70B3D55F200001BC,2021-04-22 01:09:58+00,19.2,430,52.5,3,9.24,main bedroom
70B3D55F200001BB,2021-04-22 00:57:07+00,17.6,448,59,3,9.49,lounge
70B3D55F200001BC,2021-04-22 01:02:27+00,19.3,438,52.5,3,9.33,main bedroom
70B3D55F200001B9,2021-04-22 01:02:53+00,18.1,440,57,3,9.44,second bedroom
70B3D55F200001BB,2021-04-22 01:04:37+00,17.5,459,59,3,9.39,lounge
70B3D55F200001B9,2021-04-22 01:10:25+00,18,433,57,3,9.35,second bedroom
70B3D55F200001BB,2021-04-22 01:12:06+00,17.5,471,59,3,9.39,lounge
70B3D55F200001BB,2021-04-22 01:19:36+00,17.5,453,59,3,9.39,lounge
70B3D55F200001BC,2021-04-22 01:17:28+00,19.1,446,52.5,3,9.15,main bedroom
70B3D55F200001B9,2021-04-22 01:17:53+00,18,433,57,3,9.35,second bedroom
70B3D55F200001BB,2021-04-22 01:27:07+00,17.4,452,59,3,9.3,lounge
70B3D55F200001BC,2021-04-22 01:24:57+00,19.1,430,52.5,3,9.15,main bedroom
70B3D55F200001B9,2021-04-22 01:25:23+00,17.9,452,56.5,3,9.13,second bedroom
70B3D55F200001BC,2021-04-22 01:32:24+00,19.1,427,52.5,3,9.15,main bedroom
70B3D55F200001B9,2021-04-22 01:32:54+00,17.9,457,56.5,3,9.13,second bedroom
70B3D55F200001BB,2021-04-22 01:42:05+00,17.4,444,59,3,9.3,lounge
70B3D55F200001BB,2021-04-22 01:34:36+00,17.4,449,59,3,9.3,lounge
70B3D55F200001BC,2021-04-22 01:39:55+00,19,450,52.5,3,9.06,main bedroom
70B3D55F200001B9,2021-04-22 01:40:22+00,17.8,442,56.5,3,9.03,second bedroom
70B3D55F200001BB,2021-04-22 01:49:37+00,17.3,456,59,3,9.21,lounge
70B3D55F200001BC,2021-04-22 01:47:24+00,19,424,53,3,9.2,main bedroom
70B3D55F200001B9,2021-04-22 01:47:50+00,17.8,447,56.5,3,9.03,second bedroom
70B3D55F200001BC,2021-04-22 01:54:53+00,18.9,434,53,3,9.11,main bedroom
70B3D55F200001B9,2021-04-22 01:55:21+00,17.8,441,56.5,3,9.03,second bedroom
70B3D55F200001BB,2021-04-22 01:57:08+00,17.3,444,59,3,9.21,lounge
70B3D55F200001BC,2021-04-22 02:09:56+00,18.8,447,53,3,9.01,main bedroom
70B3D55F200001BC,2021-04-22 02:02:25+00,18.9,429,53,3,9.11,main bedroom
70B3D55F200001B9,2021-04-22 02:02:52+00,17.7,444,56.5,3,8.94,second bedroom
70B3D55F200001BB,2021-04-22 02:04:38+00,17.3,457,59,3,9.21,lounge
70B3D55F200001B9,2021-04-22 02:10:20+00,17.7,437,56.5,3,8.94,second bedroom
70B3D55F200001BB,2021-04-22 02:12:09+00,17.2,439,59,3,9.11,lounge
70B3D55F200001BC,2021-04-22 02:17:24+00,18.8,443,53,3,9.01,main bedroom
70B3D55F200001B9,2021-04-22 02:17:48+00,17.6,428,56.5,3,8.85,second bedroom
70B3D55F200001BB,2021-04-22 02:27:10+00,17.2,455,59,3,9.11,lounge
70B3D55F200001BB,2021-04-22 02:19:39+00,17.2,455,59,3,9.11,lounge
70B3D55F200001BC,2021-04-22 02:24:52+00,18.7,454,53,3,8.92,main bedroom
70B3D55F200001B9,2021-04-22 02:25:15+00,17.6,447,56.5,3,8.85,second bedroom
70B3D55F200001BB,2021-04-22 02:34:39+00,17.2,455,59,3,9.11,lounge
70B3D55F200001BC,2021-04-22 02:32:20+00,18.7,430,53,3,8.92,main bedroom
70B3D55F200001B9,2021-04-22 02:32:44+00,17.6,433,56.5,3,8.85,second bedroom
70B3D55F200001BB,2021-04-22 02:42:10+00,17.1,448,59,3,9.02,lounge
70B3D55F200001B9,2021-04-22 02:40:12+00,17.5,416,56.5,3,8.75,second bedroom
70B3D55F200001BC,2021-04-22 02:39:50+00,18.6,445,53,3,8.83,main bedroom
70B3D55F200001BB,2021-04-22 02:49:39+00,17.1,448,59,3,9.02,lounge
70B3D55F200001BC,2021-04-22 02:47:21+00,18.6,427,53,3,8.83,main bedroom
70B3D55F200001B9,2021-04-22 02:47:41+00,17.5,426,56.5,3,8.75,second bedroom
70B3D55F200001BC,2021-04-22 02:54:49+00,18.5,445,53,3,8.74,main bedroom
70B3D55F200001B9,2021-04-22 02:55:13+00,17.4,438,56,3,8.53,second bedroom
70B3D55F200001BC,2021-04-22 03:02:20+00,18.5,427,53,3,8.74,main bedroom
70B3D55F200001BB,2021-04-22 02:57:08+00,17.1,438,59,3,9.02,lounge
70B3D55F200001B9,2021-04-22 03:02:41+00,17.4,442,56,3,8.53,second bedroom
70B3D55F200001BB,2021-04-22 03:12:05+00,17,448,59,3,8.93,lounge
70B3D55F200001BB,2021-04-22 03:04:37+00,17.1,448,59,3,9.02,lounge
70B3D55F200001BC,2021-04-22 03:09:50+00,18.5,434,52.5,3,8.6,main bedroom
70B3D55F200001BC,2021-04-22 03:17:19+00,18.4,429,52.5,3,8.5,main bedroom
70B3D55F200001B9,2021-04-22 03:17:43+00,17.3,417,56,3,8.43,second bedroom
70B3D55F200001BB,2021-04-22 03:19:35+00,17,443,59,3,8.93,lounge
70B3D55F200001BC,2021-04-22 03:24:49+00,18.4,417,52.5,3,8.5,main bedroom
70B3D55F200001BB,2021-04-22 03:27:05+00,17,438,59,3,8.93,lounge
70B3D55F200001B9,2021-04-22 03:25:13+00,17.3,448,56,3,8.43,second bedroom
70B3D55F200001BC,2021-04-22 03:32:20+00,18.3,447,52.5,3,8.41,main bedroom
70B3D55F200001B9,2021-04-22 03:32:41+00,17.2,438,56,3,8.34,second bedroom
70B3D55F200001BC,2021-04-22 03:39:52+00,18.3,431,52.5,3,8.41,main bedroom
70B3D55F200001BB,2021-04-22 03:34:33+00,17,443,58.5,3,8.8,lounge
70B3D55F200001B9,2021-04-22 03:40:13+00,17.2,447,56,3,8.34,second bedroom
70B3D55F200001BB,2021-04-22 03:49:32+00,16.9,467,58.5,3,8.71,lounge
70B3D55F200001BB,2021-04-22 03:42:04+00,16.9,446,58.5,3,8.71,lounge
70B3D55F200001BC,2021-04-22 03:47:21+00,18.2,424,52.5,3,8.32,main bedroom
70B3D55F200001B9,2021-04-22 03:47:42+00,17.2,433,56,3,8.34,second bedroom
70B3D55F200001BB,2021-04-22 03:57:03+00,16.9,438,58.5,3,8.71,lounge
70B3D55F200001BC,2021-04-22 03:54:49+00,18.2,430,52.5,3,8.32,main bedroom
70B3D55F200001B9,2021-04-22 03:55:10+00,17.1,422,56,3,8.25,second bedroom
70B3D55F200001BC,2021-04-22 04:02:20+00,18.2,427,52.5,3,8.32,main bedroom
70B3D55F200001B9,2021-04-22 04:02:39+00,17.1,431,56,3,8.25,second bedroom
70B3D55F200001BB,2021-04-22 04:04:32+00,16.9,450,58.5,3,8.71,lounge
70B3D55F200001BB,2021-04-22 04:12:02+00,17,446,58,3,8.67,lounge
70B3D55F200001BB,2021-04-22 04:27:04+00,18,453,55,3,8.82,lounge
70B3D55F200001BC,2021-04-22 04:09:50+00,18.4,427,52.5,3,8.5,main bedroom
70B3D55F200001B9,2021-04-22 04:10:09+00,17.2,443,55.5,3,8.21,second bedroom
70B3D55F200001BC,2021-04-22 04:17:21+00,18.9,456,52,3,8.82,main bedroom
70B3D55F200001B9,2021-04-22 04:17:37+00,17.6,442,54.5,3,8.31,second bedroom
70B3D55F200001BB,2021-04-22 04:19:32+00,17.4,460,56.5,3,8.66,lounge
70B3D55F200001BC,2021-04-22 04:24:53+00,19.6,447,51,3,9.18,main bedroom
70B3D55F200001B9,2021-04-22 04:25:08+00,18.2,454,52.5,3,8.32,second bedroom
70B3D55F200001BC,2021-04-22 04:32:23+00,20.3,439,49.5,3,9.38,main bedroom
70B3D55F200001B9,2021-04-22 04:32:40+00,18.8,442,51,3,8.44,second bedroom
70B3D55F200001BB,2021-04-22 04:42:02+00,19.1,445,52.5,3,9.15,lounge
70B3D55F200001BB,2021-04-22 04:34:32+00,18.6,455,53.5,3,8.97,lounge
70B3D55F200001BC,2021-04-22 04:39:51+00,20.8,432,48.5,3,9.53,main bedroom
70B3D55F200001B9,2021-04-22 04:40:12+00,19.2,441,50,3,8.52,second bedroom
70B3D55F200001BB,2021-04-22 04:49:30+00,19.5,442,51,3,9.09,lounge
70B3D55F200001BC,2021-04-22 04:47:20+00,21.2,451,47.5,3,9.59,main bedroom
70B3D55F200001B9,2021-04-22 04:47:43+00,19.3,431,50,3,8.61,second bedroom
70B3D55F200001BC,2021-04-22 04:54:50+00,21.6,455,46,3,9.48,main bedroom
70B3D55F200001B9,2021-04-22 04:55:12+00,19.3,454,50.5,3,8.76,second bedroom
70B3D55F200001BC,2021-04-22 05:02:19+00,22,429,45.5,3,9.68,main bedroom
70B3D55F200001BB,2021-04-22 04:57:00+00,19.9,447,50.5,3,9.31,lounge
70B3D55F200001B9,2021-04-22 05:02:42+00,19.1,456,51.5,3,8.86,second bedroom
70B3D55F200001BB,2021-04-22 05:11:59+00,20.3,415,49,3,9.23,lounge
70B3D55F200001BB,2021-04-22 05:04:29+00,20.1,447,49.5,3,9.2,lounge
70B3D55F200001B9,2021-04-22 05:10:11+00,19.1,451,51.5,3,8.86,second bedroom
70B3D55F200001BC,2021-04-22 05:09:47+00,22.3,444,45,3,9.78,main bedroom
70B3D55F200001BB,2021-04-22 05:19:29+00,20.5,425,48.5,3,9.26,lounge
70B3D55F200001BC,2021-04-22 05:17:16+00,22.5,424,44.5,3,9.8,main bedroom
70B3D55F200001B9,2021-04-22 05:17:43+00,19.2,449,52,3,9.1,second bedroom
70B3D55F200001BB,2021-04-22 05:34:27+00,20.7,423,48,3,9.29,lounge
70B3D55F200001BB,2021-04-22 05:26:58+00,20.6,437,48,3,9.2,lounge
70B3D55F200001B9,2021-04-22 05:25:40+00,19.2,457,52,3,9.1,second bedroom
70B3D55F200001BC,2021-04-22 05:32:13+00,22.9,443,43.5,3,9.82,main bedroom
70B3D55F200001BB,2021-04-22 05:41:55+00,20.7,418,47.5,3,9.13,lounge
70B3D55F200001BC,2021-04-22 05:39:41+00,23,436,43.5,3,9.91,main bedroom
70B3D55F200001B9,2021-04-22 05:40:15+00,19.3,442,52,3,9.19,second bedroom
70B3D55F200001BC,2021-04-22 05:47:09+00,23.1,438,43,3,9.83,main bedroom
70B3D55F200001B9,2021-04-22 05:47:43+00,19.3,461,52,3,9.19,second bedroom
70B3D55F200001B9,2021-04-22 05:55:14+00,19.4,461,51.5,3,9.14,second bedroom
70B3D55F200001BB,2021-04-22 05:49:24+00,20.9,426,47.5,3,9.32,lounge
70B3D55F200001BC,2021-04-22 05:54:38+00,23.3,438,43,3,10.01,main bedroom
70B3D55F200001BB,2021-04-22 05:56:52+00,21,432,47,3,9.25,lounge
70B3D55F200001BC,2021-04-22 06:02:08+00,23.4,443,42.5,3,9.92,main bedroom
70B3D55F200001B9,2021-04-22 06:02:46+00,19.5,464,51.5,3,9.23,second bedroom
70B3D55F200001BB,2021-04-22 06:11:50+00,21.2,414,46.5,3,9.27,lounge
70B3D55F200001BB,2021-04-22 06:04:20+00,21.1,429,47,3,9.34,lounge
70B3D55F200001BC,2021-04-22 06:09:39+00,23.5,427,42.5,3,10.01,main bedroom
70B3D55F200001B9,2021-04-22 06:10:15+00,19.6,461,51.5,3,9.33,second bedroom
70B3D55F200001BC,2021-04-22 06:17:11+00,23.6,443,42,3,9.93,main bedroom
70B3D55F200001B9,2021-04-22 06:17:43+00,19.7,457,51.5,3,9.42,second bedroom
70B3D55F200001BB,2021-04-22 06:19:20+00,21.4,420,46.5,3,9.46,lounge
70B3D55F200001BC,2021-04-22 06:24:42+00,23.7,443,42,3,10.02,main bedroom
70B3D55F200001B9,2021-04-22 06:25:11+00,19.8,466,51,3,9.36,second bedroom
70B3D55F200001BC,2021-04-22 06:32:12+00,23.8,438,42,3,10.11,main bedroom
70B3D55F200001BB,2021-04-22 06:26:52+00,21.5,416,46,3,9.39,lounge
70B3D55F200001B9,2021-04-22 06:32:41+00,19.9,454,51,3,9.46,second bedroom
70B3D55F200001B9,2021-04-22 06:40:11+00,20,461,51,3,9.55,second bedroom
70B3D55F200001BB,2021-04-22 06:34:22+00,21.6,427,46,3,9.48,lounge
70B3D55F200001BC,2021-04-22 06:39:41+00,23.9,447,41.5,3,10.02,main bedroom
70B3D55F200001BB,2021-04-22 06:41:52+00,21.7,401,46,3,9.57,lounge
70B3D55F200001BC,2021-04-22 06:47:12+00,24,442,41.5,3,10.11,main bedroom
70B3D55F200001B9,2021-04-22 06:47:40+00,20,449,50.5,3,9.4,second bedroom
70B3D55F200001B9,2021-04-22 06:55:09+00,20.1,467,50.5,3,9.49,second bedroom
70B3D55F200001BB,2021-04-22 06:49:24+00,21.8,417,45.5,3,9.49,lounge
70B3D55F200001BB,2021-04-22 07:04:23+00,22.1,434,45,3,9.6,lounge
70B3D55F200001BC,2021-04-22 06:54:43+00,24.1,434,41.5,3,10.2,main bedroom
70B3D55F200001BB,2021-04-22 06:56:53+00,22,421,45.5,3,9.68,lounge
70B3D55F200001BC,2021-04-22 07:02:12+00,24.2,440,41.5,3,10.29,main bedroom
70B3D55F200001B9,2021-04-22 07:02:39+00,20.2,448,50.5,3,9.59,second bedroom
70B3D55F200001BB,2021-04-22 07:11:55+00,21.9,415,45.5,3,9.59,lounge
70B3D55F200001BC,2021-04-22 07:09:40+00,24.1,425,41.5,3,10.2,main bedroom
70B3D55F200001B9,2021-04-22 07:10:09+00,20.2,459,50.5,3,9.59,second bedroom
70B3D55F200001BB,2021-04-22 07:19:25+00,21.7,421,45.5,3,9.4,lounge
70B3D55F200001BC,2021-04-22 07:17:10+00,23.8,450,42,3,10.11,main bedroom
70B3D55F200001B9,2021-04-22 07:17:41+00,20.2,466,50.5,3,9.59,second bedroom
70B3D55F200001BC,2021-04-22 07:24:42+00,23.5,442,42.5,3,10.01,main bedroom
70B3D55F200001B9,2021-04-22 07:25:12+00,20.2,440,50.5,3,9.59,second bedroom
70B3D55F200001BB,2021-04-22 07:26:57+00,21.4,414,46,3,9.29,lounge
70B3D55F200001BB,2021-04-22 07:34:25+00,21.1,430,46.5,3,9.18,lounge
70B3D55F200001BC,2021-04-22 07:32:11+00,23.1,446,43,3,9.83,main bedroom
70B3D55F200001B9,2021-04-22 07:32:42+00,20.1,448,50.5,3,9.49,second bedroom
70B3D55F200001BB,2021-04-22 07:41:54+00,20.9,425,47,3,9.16,lounge
70B3D55F200001BC,2021-04-22 07:39:39+00,22.8,431,43.5,3,9.73,main bedroom
70B3D55F200001B9,2021-04-22 07:40:10+00,20,462,50.5,3,9.4,second bedroom
70B3D55F200001BC,2021-04-22 07:47:09+00,22.4,433,44,3,9.54,main bedroom
70B3D55F200001B9,2021-04-22 07:47:38+00,20,439,51,3,9.55,second bedroom
70B3D55F200001BC,2021-04-22 07:54:40+00,22.1,417,44.5,3,9.44,main bedroom
70B3D55F200001BB,2021-04-22 07:49:25+00,20.6,415,48,3,9.2,lounge
70B3D55F200001B9,2021-04-22 07:55:09+00,19.9,444,51,3,9.46,second bedroom
70B3D55F200001BB,2021-04-22 08:04:24+00,20.2,421,48.5,3,8.99,lounge
70B3D55F200001BB,2021-04-22 07:56:55+00,20.4,430,48,3,9.01,lounge
70B3D55F200001BC,2021-04-22 08:02:12+00,21.8,419,45,3,9.33,main bedroom
70B3D55F200001B9,2021-04-22 08:02:37+00,19.8,449,51,3,9.36,second bedroom
70B3D55F200001BB,2021-04-22 08:11:56+00,20,418,49,3,8.95,lounge
70B3D55F200001BC,2021-04-22 08:09:44+00,21.6,442,45.5,3,9.31,main bedroom
70B3D55F200001B9,2021-04-22 08:10:04+00,19.7,444,51,3,9.27,second bedroom
70B3D55F200001BC,2021-04-22 08:17:15+00,21.3,435,46,3,9.2,main bedroom
70B3D55F200001B9,2021-04-22 08:17:33+00,19.7,449,51,3,9.27,second bedroom
70B3D55F200001BB,2021-04-22 08:26:56+00,19.7,440,49.5,3,8.83,lounge
70B3D55F200001BB,2021-04-22 08:19:28+00,19.8,406,49,3,8.77,lounge
70B3D55F200001BC,2021-04-22 08:24:44+00,21.1,429,46,3,9.02,main bedroom
70B3D55F200001B9,2021-04-22 08:25:01+00,19.7,444,51,3,9.27,second bedroom
70B3D55F200001BB,2021-04-22 08:34:26+00,19.6,438,49.5,3,8.74,lounge
70B3D55F200001BC,2021-04-22 08:32:15+00,20.9,430,46.5,3,9,main bedroom
70B3D55F200001B9,2021-04-22 08:32:33+00,19.6,447,50.5,3,9.03,second bedroom
70B3D55F200001BB,2021-04-22 08:41:55+00,19.5,430,50,3,8.8,lounge
70B3D55F200001BC,2021-04-22 08:39:46+00,20.7,411,47,3,8.98,main bedroom
70B3D55F200001B9,2021-04-22 08:40:03+00,19.5,442,51,3,9.09,second bedroom
70B3D55F200001BC,2021-04-22 08:47:18+00,20.6,420,47,3,8.89,main bedroom
70B3D55F200001B9,2021-04-22 08:47:33+00,19.5,452,50.5,3,8.94,second bedroom
70B3D55F200001BC,2021-04-22 08:54:46+00,20.4,428,47.5,3,8.86,main bedroom
70B3D55F200001BB,2021-04-22 08:49:24+00,19.4,430,50,3,8.7,lounge
70B3D55F200001B9,2021-04-22 08:55:03+00,19.4,447,51,3,9,second bedroom
70B3D55F200001BC,2021-04-22 09:02:16+00,20.3,426,48,3,8.92,main bedroom
70B3D55F200001BB,2021-04-22 08:56:54+00,19.3,414,50,3,8.61,lounge
70B3D55F200001B9,2021-04-22 09:02:31+00,19.3,439,51,3,8.9,second bedroom
70B3D55F200001BB,2021-04-22 09:11:57+00,19.2,421,50.5,3,8.67,lounge
70B3D55F200001BB,2021-04-22 09:04:26+00,19.2,417,50,3,8.52,lounge
70B3D55F200001BC,2021-04-22 09:09:48+00,20.2,442,48,3,8.83,main bedroom
70B3D55F200001B9,2021-04-22 09:10:03+00,19.3,451,50.5,3,8.76,second bedroom
70B3D55F200001BB,2021-04-22 09:19:25+00,19.1,427,50.5,3,8.57,lounge
70B3D55F200001BC,2021-04-22 09:17:17+00,20.1,435,48.5,3,8.89,main bedroom
70B3D55F200001B9,2021-04-22 09:17:34+00,19.2,448,50.5,3,8.67,second bedroom
70B3D55F200001BC,2021-04-22 09:24:45+00,20,417,48.5,3,8.8,main bedroom
70B3D55F200001B9,2021-04-22 09:25:05+00,19.2,440,50.5,3,8.67,second bedroom
70B3D55F200001BB,2021-04-22 09:26:57+00,19.1,421,50.5,3,8.57,lounge
70B3D55F200001BC,2021-04-22 09:32:16+00,19.9,430,49,3,8.86,main bedroom
70B3D55F200001B9,2021-04-22 09:32:38+00,19.2,434,50.5,3,8.67,second bedroom
70B3D55F200001B9,2021-04-22 09:40:05+00,19.1,436,50.5,3,8.57,second bedroom
70B3D55F200001BB,2021-04-22 09:34:28+00,19,428,50.5,3,8.48,lounge
70B3D55F200001BC,2021-04-22 09:39:48+00,19.8,430,49,3,8.77,main bedroom
70B3D55F200001BB,2021-04-22 09:41:58+00,19,437,50.5,3,8.48,lounge
70B3D55F200001BB,2021-04-22 09:49:30+00,18.9,420,51,3,8.54,lounge
70B3D55F200001BC,2021-04-22 09:47:19+00,19.7,453,49,3,8.68,main bedroom
70B3D55F200001B9,2021-04-22 09:47:33+00,19.1,426,51,3,8.72,second bedroom
70B3D55F200001BC,2021-04-22 09:54:48+00,19.7,421,49.5,3,8.83,main bedroom
70B3D55F200001B9,2021-04-22 09:55:04+00,19,438,51,3,8.63,second bedroom
70B3D55F200001BC,2021-04-22 10:02:19+00,19.6,435,49.5,3,8.74,main bedroom
70B3D55F200001BB,2021-04-22 09:56:58+00,18.8,413,51,3,8.44,lounge
70B3D55F200001B9,2021-04-22 10:02:36+00,19,434,51,3,8.63,second bedroom
70B3D55F200001BB,2021-04-22 10:04:29+00,18.8,444,51.5,3,8.59,lounge
70B3D55F200001B9,2021-04-22 10:10:04+00,18.9,439,51,3,8.54,second bedroom
70B3D55F200001BC,2021-04-22 10:09:50+00,19.6,422,49.5,3,8.74,main bedroom
70B3D55F200001BB,2021-04-22 10:11:59+00,18.8,405,51.5,3,8.59,lounge
70B3D55F200001BB,2021-04-22 10:19:27+00,18.7,405,51.5,3,8.5,lounge
70B3D55F200001BC,2021-04-22 10:17:22+00,19.5,419,49.5,3,8.65,main bedroom
70B3D55F200001B9,2021-04-22 10:17:36+00,18.9,431,51,3,8.54,second bedroom
70B3D55F200001BC,2021-04-22 10:24:52+00,19.5,445,49.5,3,8.65,main bedroom
70B3D55F200001B9,2021-04-22 10:25:04+00,18.9,431,51,3,8.54,second bedroom
70B3D55F200001BB,2021-04-22 10:26:59+00,18.7,438,51.5,3,8.5,lounge
70B3D55F200001BB,2021-04-22 10:34:28+00,18.6,431,52,3,8.55,lounge
70B3D55F200001BC,2021-04-22 10:32:22+00,19.4,443,50,3,8.7,main bedroom
70B3D55F200001B9,2021-04-22 10:32:34+00,18.8,441,51,3,8.44,second bedroom
70B3D55F200001BB,2021-04-22 10:41:56+00,18.6,429,52,3,8.55,lounge
70B3D55F200001BC,2021-04-22 10:47:21+00,19.3,434,50,3,8.61,main bedroom
70B3D55F200001BC,2021-04-22 10:39:52+00,19.4,412,50,3,8.7,main bedroom
70B3D55F200001B9,2021-04-22 10:40:06+00,18.8,412,51,3,8.44,second bedroom
70B3D55F200001B9,2021-04-22 10:47:37+00,18.7,426,51.5,3,8.5,second bedroom
70B3D55F200001B9,2021-04-22 10:55:08+00,18.7,447,51.5,3,8.5,second bedroom
70B3D55F200001BB,2021-04-22 10:49:27+00,18.5,430,52,3,8.45,lounge
70B3D55F200001BB,2021-04-22 10:56:56+00,18.5,416,52,3,8.45,lounge
70B3D55F200001BC,2021-04-22 10:54:51+00,19.3,438,50,3,8.61,main bedroom
70B3D55F200001BC,2021-04-22 11:02:22+00,19.3,430,50,3,8.61,main bedroom
70B3D55F200001B9,2021-04-22 11:02:37+00,18.7,424,51.5,3,8.5,second bedroom
70B3D55F200001BC,2021-04-22 11:09:52+00,19.3,431,50,3,8.61,main bedroom
70B3D55F200001BB,2021-04-22 11:04:27+00,18.4,422,52.5,3,8.5,lounge
70B3D55F200001B9,2021-04-22 11:10:08+00,18.7,446,51.5,3,8.5,second bedroom
70B3D55F200001BC,2021-04-22 11:17:24+00,19.2,431,50,3,8.52,main bedroom
70B3D55F200001BB,2021-04-22 11:11:57+00,18.4,438,52.5,3,8.5,lounge
70B3D55F200001B9,2021-04-22 11:17:40+00,18.6,431,51.5,3,8.4,second bedroom
70B3D55F200001BB,2021-04-22 11:19:27+00,18.4,431,52.5,3,8.5,lounge
70B3D55F200001BC,2021-04-22 11:24:55+00,19.2,431,50,3,8.52,main bedroom
70B3D55F200001B9,2021-04-22 11:25:09+00,18.6,442,51.5,3,8.4,second bedroom
70B3D55F200001BC,2021-04-22 11:32:23+00,19.1,433,50.5,3,8.57,main bedroom
70B3D55F200001BB,2021-04-22 11:26:56+00,18.3,436,52.5,3,8.41,lounge
70B3D55F200001B9,2021-04-22 11:32:37+00,18.6,426,51.5,3,8.4,second bedroom
70B3D55F200001BC,2021-04-22 11:39:55+00,19.1,433,50.5,3,8.57,main bedroom
70B3D55F200001BB,2021-04-22 11:34:25+00,18.3,434,52.5,3,8.41,lounge
70B3D55F200001B9,2021-04-22 11:40:05+00,18.5,434,51.5,3,8.31,second bedroom
70B3D55F200001BC,2021-04-22 11:47:26+00,19.1,440,50.5,3,8.57,main bedroom
70B3D55F200001BB,2021-04-22 11:41:53+00,18.2,448,52.5,3,8.32,lounge
70B3D55F200001B9,2021-04-22 11:47:36+00,18.5,426,51.5,3,8.31,second bedroom
70B3D55F200001BB,2021-04-22 11:56:54+00,18.2,440,53,3,8.46,lounge
70B3D55F200001BB,2021-04-22 11:49:22+00,18.2,416,53,3,8.46,lounge
70B3D55F200001B9,2021-04-22 12:02:37+00,18.5,433,52,3,8.45,second bedroom
70B3D55F200001BC,2021-04-22 11:54:55+00,19.1,412,50.5,3,8.57,main bedroom
70B3D55F200001B9,2021-04-22 11:55:08+00,18.5,428,51.5,3,8.31,second bedroom
70B3D55F200001BC,2021-04-22 12:02:26+00,19.1,445,50.5,3,8.57,main bedroom
70B3D55F200001BC,2021-04-22 12:09:54+00,19.1,430,50.5,3,8.57,main bedroom
70B3D55F200001BB,2021-04-22 12:04:23+00,18.1,413,53,3,8.37,lounge
70B3D55F200001B9,2021-04-22 12:10:05+00,18.4,431,52,3,8.36,second bedroom
70B3D55F200001BC,2021-04-22 12:17:25+00,19.1,436,50.5,3,8.57,main bedroom
70B3D55F200001BB,2021-04-22 12:11:53+00,18.1,429,53,3,8.37,lounge
70B3D55F200001BB,2021-04-22 12:19:21+00,18.1,439,53,3,8.37,lounge
70B3D55F200001B9,2021-04-22 12:17:36+00,18.4,448,52,3,8.36,second bedroom
70B3D55F200001BB,2021-04-22 12:26:50+00,18.1,416,53,3,8.37,lounge
70B3D55F200001BC,2021-04-22 12:24:54+00,19.1,433,50.5,3,8.57,main bedroom
70B3D55F200001B9,2021-04-22 12:25:04+00,18.4,437,52,3,8.36,second bedroom
70B3D55F200001BC,2021-04-22 12:32:26+00,19.1,437,50.5,3,8.57,main bedroom
70B3D55F200001B9,2021-04-22 12:32:32+00,18.4,432,52,3,8.36,second bedroom
70B3D55F200001B9,2021-04-22 12:40:04+00,18.4,427,52,3,8.36,second bedroom
70B3D55F200001BB,2021-04-22 12:34:21+00,18,426,53.5,3,8.41,lounge
70B3D55F200001BB,2021-04-22 12:41:53+00,18,422,53.5,3,8.41,lounge
70B3D55F200001BC,2021-04-22 12:39:56+00,19.1,425,50.5,3,8.57,main bedroom
70B3D55F200001BB,2021-04-22 12:49:22+00,18,424,53.5,3,8.41,lounge
70B3D55F200001BC,2021-04-22 12:47:26+00,19.1,442,50.5,3,8.57,main bedroom
70B3D55F200001B9,2021-04-22 12:47:36+00,18.4,434,52,3,8.36,second bedroom
70B3D55F200001BB,2021-04-22 12:56:50+00,18,439,53.5,3,8.41,lounge
70B3D55F200001BB,2021-04-22 13:04:18+00,17.9,430,53.5,3,8.32,lounge
70B3D55F200001BC,2021-04-22 12:54:58+00,19.1,415,50.5,3,8.57,main bedroom
70B3D55F200001B9,2021-04-22 12:55:05+00,18.4,421,52,3,8.36,second bedroom
70B3D55F200001BC,2021-04-22 13:02:29+00,19.1,422,50.5,3,8.57,main bedroom
70B3D55F200001B9,2021-04-22 13:02:34+00,18.3,436,52,3,8.27,second bedroom
70B3D55F200001BC,2021-04-22 13:10:00+00,19.1,437,50,3,8.43,main bedroom
70B3D55F200001B9,2021-04-22 13:10:03+00,18.3,428,52,3,8.27,second bedroom
70B3D55F200001BB,2021-04-22 13:19:14+00,17.9,422,54,3,8.46,lounge
70B3D55F200001BB,2021-04-22 13:11:46+00,17.9,413,53.5,3,8.32,lounge
70B3D55F200001BB,2021-04-22 13:26:43+00,17.9,424,54,3,8.46,lounge
70B3D55F200001BC,2021-04-22 13:17:29+00,19.1,433,50,3,8.43,main bedroom
70B3D55F200001B9,2021-04-22 13:17:34+00,18.3,444,52,3,8.27,second bedroom
70B3D55F200001BC,2021-04-22 13:24:56+00,19.2,436,50,3,8.52,main bedroom
70B3D55F200001B9,2021-04-22 13:25:04+00,18.3,428,52,3,8.27,second bedroom
70B3D55F200001BC,2021-04-22 13:32:25+00,19.2,430,50,3,8.52,main bedroom
70B3D55F200001B9,2021-04-22 13:32:35+00,18.3,439,52,3,8.27,second bedroom
70B3D55F200001BC,2021-04-22 13:39:55+00,19.3,427,49.5,3,8.46,main bedroom
70B3D55F200001BB,2021-04-22 13:34:11+00,17.9,422,54,3,8.46,lounge
70B3D55F200001B9,2021-04-22 13:40:03+00,18.3,433,52,3,8.27,second bedroom
70B3D55F200001BC,2021-04-22 13:47:25+00,19.3,417,49.5,3,8.46,main bedroom
70B3D55F200001BB,2021-04-22 13:41:40+00,17.8,420,54,3,8.36,lounge
70B3D55F200001B9,2021-04-22 13:47:32+00,18.3,432,52,3,8.27,second bedroom
70B3D55F200001BB,2021-04-22 13:56:39+00,17.8,443,54,3,8.36,lounge
70B3D55F200001BB,2021-04-22 13:49:08+00,17.8,435,54,3,8.36,lounge
70B3D55F200001BB,2021-04-22 14:04:11+00,17.8,426,54,3,8.36,lounge
70B3D55F200001BC,2021-04-22 13:54:57+00,19.4,431,49.5,3,8.55,main bedroom
70B3D55F200001B9,2021-04-22 13:55:02+00,18.3,432,52,3,8.27,second bedroom
70B3D55F200001BC,2021-04-22 14:02:28+00,19.4,434,49.5,3,8.55,main bedroom
70B3D55F200001B9,2021-04-22 14:02:33+00,18.3,419,52,3,8.27,second bedroom
70B3D55F200001B9,2021-04-22 14:10:04+00,18.2,427,52,3,8.18,second bedroom
70B3D55F200001BC,2021-04-22 14:09:57+00,19.5,450,49,3,8.5,main bedroom
70B3D55F200001BB,2021-04-22 14:11:42+00,17.8,428,54.5,3,8.5,lounge
70B3D55F200001BC,2021-04-22 14:17:27+00,19.5,443,49,3,8.5,main bedroom
70B3D55F200001B9,2021-04-22 14:17:35+00,18.2,444,52,3,8.18,second bedroom
70B3D55F200001B9,2021-04-22 14:25:06+00,18.2,428,52,3,8.18,second bedroom
70B3D55F200001BB,2021-04-22 14:19:11+00,17.8,433,54.5,3,8.5,lounge
70B3D55F200001BC,2021-04-22 14:24:56+00,19.6,421,49,3,8.59,main bedroom
70B3D55F200001BB,2021-04-22 14:26:39+00,17.7,426,54.5,3,8.41,lounge
70B3D55F200001BC,2021-04-22 14:32:24+00,19.6,423,48.5,3,8.44,main bedroom
70B3D55F200001B9,2021-04-22 14:32:38+00,18.2,419,52,3,8.18,second bedroom
70B3D55F200001B9,2021-04-22 14:40:09+00,18.2,451,52,3,8.18,second bedroom
70B3D55F200001BB,2021-04-22 14:34:10+00,17.7,444,54.5,3,8.41,lounge
70B3D55F200001BB,2021-04-22 14:41:42+00,17.7,442,54.5,3,8.41,lounge
70B3D55F200001BC,2021-04-22 14:39:52+00,19.6,410,48.5,3,8.44,main bedroom
70B3D55F200001BB,2021-04-22 14:49:13+00,17.7,437,54.5,3,8.41,lounge
70B3D55F200001BC,2021-04-22 14:47:23+00,19.7,430,48,3,8.38,main bedroom
70B3D55F200001B9,2021-04-22 14:47:40+00,18.2,419,52,3,8.18,second bedroom
70B3D55F200001BC,2021-04-22 14:54:52+00,19.7,430,48,3,8.38,main bedroom
70B3D55F200001B9,2021-04-22 14:55:11+00,18.2,433,52,3,8.18,second bedroom
70B3D55F200001BB,2021-04-22 14:56:45+00,17.7,425,54.5,3,8.41,lounge
70B3D55F200001BC,2021-04-22 15:02:24+00,19.8,416,48,3,8.47,main bedroom
70B3D55F200001B9,2021-04-22 15:02:39+00,18.2,422,52,3,8.18,second bedroom
70B3D55F200001BC,2021-04-22 15:09:55+00,19.8,422,47.5,3,8.31,main bedroom
70B3D55F200001BB,2021-04-22 15:04:17+00,17.6,430,54.5,3,8.31,lounge
70B3D55F200001B9,2021-04-22 15:10:09+00,18.2,434,52,3,8.18,second bedroom
70B3D55F200001BC,2021-04-22 15:17:26+00,19.9,432,47.5,3,8.4,main bedroom
70B3D55F200001B9,2021-04-22 15:17:40+00,18.2,423,51.5,3,8.03,second bedroom
70B3D55F200001BB,2021-04-22 15:26:44+00,17.6,444,54.5,3,8.31,lounge
70B3D55F200001BB,2021-04-22 15:19:14+00,17.6,439,54.5,3,8.31,lounge
70B3D55F200001BC,2021-04-22 15:24:57+00,19.9,422,47.5,3,8.4,main bedroom
70B3D55F200001B9,2021-04-22 15:25:08+00,18.1,418,51.5,3,7.94,second bedroom
70B3D55F200001BB,2021-04-22 15:34:16+00,17.6,448,54.5,3,8.31,lounge
70B3D55F200001BC,2021-04-22 15:32:29+00,19.9,430,47,3,8.25,main bedroom
70B3D55F200001B9,2021-04-22 15:32:38+00,18.1,426,51.5,3,7.94,second bedroom
70B3D55F200001BC,2021-04-22 15:39:58+00,20,405,47,3,8.34,main bedroom
70B3D55F200001B9,2021-04-22 15:40:06+00,18.1,437,51.5,3,7.94,second bedroom
70B3D55F200001BC,2021-04-22 15:47:30+00,20,426,46.5,3,8.18,main bedroom
70B3D55F200001BB,2021-04-22 15:41:45+00,17.6,444,54.5,3,8.31,lounge
70B3D55F200001B9,2021-04-22 15:47:34+00,18.1,416,51.5,3,7.94,second bedroom
70B3D55F200001BC,2021-04-22 15:55:02+00,20.1,403,46.5,3,8.27,main bedroom
70B3D55F200001BB,2021-04-22 15:49:16+00,17.6,442,54.5,3,8.31,lounge
70B3D55F200001B9,2021-04-22 15:55:04+00,18.1,417,51.5,3,7.94,second bedroom
70B3D55F200001BC,2021-04-22 16:02:32+00,20.1,428,46.5,3,8.27,main bedroom
70B3D55F200001BB,2021-04-22 15:56:48+00,17.5,442,54.5,3,8.22,lounge
70B3D55F200001BB,2021-04-22 16:04:18+00,17.5,442,54.5,3,8.22,lounge
70B3D55F200001B9,2021-04-22 16:02:32+00,18.1,413,51.5,3,7.94,second bedroom
70B3D55F200001BC,2021-04-22 16:10:03+00,20.1,426,46,3,8.11,main bedroom
70B3D55F200001B9,2021-04-22 16:10:04+00,18.1,426,51.5,3,7.94,second bedroom
70B3D55F200001BB,2021-04-22 16:19:18+00,17.5,438,54.5,3,8.22,lounge
70B3D55F200001BB,2021-04-22 16:11:46+00,17.5,426,54.5,3,8.22,lounge
70B3D55F200001B9,2021-04-22 16:17:32+00,18.1,427,51,3,7.8,second bedroom
70B3D55F200001BC,2021-04-22 16:17:35+00,20.2,423,46,3,8.2,main bedroom
70B3D55F200001BB,2021-04-22 16:26:48+00,17.5,440,54.5,3,8.22,lounge
70B3D55F200001BC,2021-04-22 16:25:03+00,20.2,444,46,3,8.2,main bedroom
70B3D55F200001B9,2021-04-22 16:25:03+00,18.1,423,51,3,7.8,second bedroom
70B3D55F200001BC,2021-04-22 16:32:32+00,20.2,411,46,3,8.2,main bedroom
70B3D55F200001B9,2021-04-22 16:32:33+00,18.1,423,51,3,7.8,second bedroom
70B3D55F200001B9,2021-04-22 16:40:03+00,18.1,422,51,3,7.8,second bedroom
70B3D55F200001BB,2021-04-22 16:34:15+00,17.5,447,54.5,3,8.22,lounge
70B3D55F200001BC,2021-04-22 16:40:04+00,20.2,422,45.5,3,8.04,main bedroom
70B3D55F200001B9,2021-04-22 16:47:33+00,18.1,438,51,3,7.8,second bedroom
70B3D55F200001BB,2021-04-22 16:41:43+00,17.4,451,54.5,3,8.13,lounge
70B3D55F200001BC,2021-04-22 16:47:34+00,20.2,419,45.5,3,8.04,main bedroom
70B3D55F200001BB,2021-04-22 16:49:11+00,17.4,433,54.5,3,8.13,lounge
70B3D55F200001B9,2021-04-22 16:55:04+00,18,433,51,3,7.71,second bedroom
70B3D55F200001BC,2021-04-22 16:55:05+00,20.2,419,45.5,3,8.04,main bedroom
70B3D55F200001BC,2021-04-22 17:02:35+00,20.3,421,45,3,7.97,main bedroom
70B3D55F200001BB,2021-04-22 16:56:42+00,17.4,449,54.5,3,8.13,lounge
70B3D55F200001B9,2021-04-22 17:02:36+00,18,428,51,3,7.71,second bedroom
70B3D55F200001B9,2021-04-22 17:10:07+00,18.2,449,50,3,7.6,second bedroom
70B3D55F200001BB,2021-04-22 17:04:11+00,17.4,451,54.5,3,8.13,lounge
70B3D55F200001BC,2021-04-22 17:10:07+00,20.6,419,45,3,8.24,main bedroom
70B3D55F200001BB,2021-04-22 17:11:41+00,17.7,444,53.5,3,8.13,lounge
70B3D55F200001BC,2021-04-22 17:17:39+00,21.1,441,44,3,8.36,main bedroom
70B3D55F200001B9,2021-04-22 17:17:39+00,18.7,433,48,3,7.46,second bedroom
70B3D55F200001B9,2021-04-22 17:25:10+00,19.4,436,46,3,7.48,second bedroom
70B3D55F200001BB,2021-04-22 17:19:12+00,18.1,430,52,3,8.08,lounge
70B3D55F200001BC,2021-04-22 17:25:11+00,21.8,426,43,3,8.66,main bedroom
70B3D55F200001BB,2021-04-22 17:34:15+00,19.4,426,49,3,8.4,lounge
70B3D55F200001BB,2021-04-22 17:26:43+00,18.8,434,50.5,3,8.3,lounge
70B3D55F200001BB,2021-04-22 17:41:47+00,19.9,421,47.5,3,8.4,lounge
70B3D55F200001B9,2021-04-22 17:32:39+00,19.9,444,44.5,3,7.44,second bedroom
70B3D55F200001BC,2021-04-22 17:32:42+00,22.4,432,42,3,8.85,main bedroom
70B3D55F200001B9,2021-04-22 17:40:07+00,20.1,439,44.5,3,7.63,second bedroom
70B3D55F200001BC,2021-04-22 17:40:14+00,22.8,424,41.5,3,9.03,main bedroom
70B3D55F200001BB,2021-04-22 17:49:17+00,20.3,420,46.5,3,8.45,lounge
70B3D55F200001B9,2021-04-22 17:47:36+00,20,421,45.5,3,7.86,second bedroom
70B3D55F200001BC,2021-04-22 17:47:42+00,23.2,454,40.5,3,9.03,main bedroom
70B3D55F200001B9,2021-04-22 17:55:04+00,19.9,442,46.5,3,8.09,second bedroom
70B3D55F200001BC,2021-04-22 17:55:11+00,23.6,420,40,3,9.2,main bedroom
70B3D55F200001B9,2021-04-22 18:02:36+00,20,421,46.5,3,8.18,second bedroom
70B3D55F200001BB,2021-04-22 17:56:46+00,20.6,423,45.5,3,8.41,lounge
70B3D55F200001BC,2021-04-22 18:02:41+00,23.8,421,39.5,3,9.19,main bedroom
70B3D55F200001BB,2021-04-22 18:11:48+00,21,413,44.5,3,8.44,lounge
70B3D55F200001BB,2021-04-22 18:04:17+00,20.9,407,45,3,8.51,lounge
70B3D55F200001B9,2021-04-22 18:10:07+00,20,427,46.5,3,8.18,second bedroom
70B3D55F200001BC,2021-04-22 18:10:10+00,24.1,458,39,3,9.27,main bedroom
70B3D55F200001B9,2021-04-22 18:17:35+00,20.1,436,46.5,3,8.27,second bedroom
70B3D55F200001BC,2021-04-22 18:17:41+00,24.3,446,39,3,9.45,main bedroom
70B3D55F200001BB,2021-04-22 18:19:16+00,21.2,414,44,3,8.45,lounge
70B3D55F200001B9,2021-04-22 18:25:03+00,20.1,440,47,3,8.43,second bedroom
70B3D55F200001BC,2021-04-22 18:25:13+00,24.4,440,38.5,3,9.34,main bedroom
70B3D55F200001BB,2021-04-22 18:26:45+00,21.3,402,43.5,3,8.38,lounge
70B3D55F200001BB,2021-04-22 18:41:45+00,21.6,396,43,3,8.48,lounge
70B3D55F200001B9,2021-04-22 18:32:31+00,20.2,423,46.5,3,8.36,second bedroom
70B3D55F200001BC,2021-04-22 18:32:45+00,24.5,446,38.5,3,9.43,main bedroom
70B3D55F200001BB,2021-04-22 18:34:15+00,21.5,405,43.5,3,8.56,lounge
70B3D55F200001B9,2021-04-22 18:40:01+00,20.2,447,46.5,3,8.36,second bedroom
70B3D55F200001BC,2021-04-22 18:40:13+00,24.6,430,38,3,9.33,main bedroom
70B3D55F200001B9,2021-04-22 18:47:32+00,20.2,447,46.5,3,8.36,second bedroom
70B3D55F200001BC,2021-04-22 18:47:42+00,24.7,447,38,3,9.42,main bedroom
70B3D55F200001B9,2021-04-22 18:55:04+00,20.2,436,46.5,3,8.36,second bedroom
70B3D55F200001BB,2021-04-22 18:49:14+00,21.6,400,42.5,3,8.3,lounge
70B3D55F200001BC,2021-04-22 18:55:10+00,24.7,452,37.5,3,9.22,main bedroom
70B3D55F200001BB,2021-04-22 18:56:43+00,21.7,407,42.5,3,8.39,lounge
70B3D55F200001BB,2021-04-22 19:04:13+00,21.8,401,42,3,8.31,lounge
70B3D55F200001B9,2021-04-22 19:02:36+00,20.3,437,46,3,8.29,second bedroom
70B3D55F200001BC,2021-04-22 19:02:39+00,24.7,438,37.5,3,9.22,main bedroom
70B3D55F200001BB,2021-04-22 19:11:45+00,21.8,402,42,3,8.31,lounge
70B3D55F200001B9,2021-04-22 19:10:07+00,20.4,434,46,3,8.39,second bedroom
70B3D55F200001BC,2021-04-22 19:10:10+00,24.8,449,37.5,3,9.31,main bedroom
70B3D55F200001BB,2021-04-22 19:19:14+00,21.9,408,42,3,8.4,lounge
70B3D55F200001BC,2021-04-22 19:17:38+00,24.8,447,37,3,9.11,main bedroom
70B3D55F200001B9,2021-04-22 19:17:38+00,20.4,448,46,3,8.39,second bedroom
70B3D55F200001BC,2021-04-22 19:25:06+00,24.9,453,37,3,9.2,main bedroom
70B3D55F200001B9,2021-04-22 19:25:07+00,20.5,466,45.5,3,8.32,second bedroom
70B3D55F200001BB,2021-04-22 19:26:46+00,21.9,425,41.5,3,8.22,lounge
70B3D55F200001BB,2021-04-22 19:34:16+00,22,412,41.5,3,8.31,lounge
70B3D55F200001BC,2021-04-22 19:32:37+00,24.9,462,37,3,9.2,main bedroom
70B3D55F200001B9,2021-04-22 19:32:39+00,20.5,433,45.5,3,8.32,second bedroom
70B3D55F200001BB,2021-04-22 19:41:47+00,22,412,41,3,8.13,lounge
70B3D55F200001B9,2021-04-22 19:40:07+00,20.5,451,45.5,3,8.32,second bedroom
70B3D55F200001BC,2021-04-22 19:40:07+00,25,465,36.5,3,9.08,main bedroom
70B3D55F200001BC,2021-04-22 19:47:39+00,25,447,36.5,3,9.08,main bedroom
70B3D55F200001BB,2021-04-22 19:49:16+00,22.1,409,41,3,8.22,lounge
70B3D55F200001B9,2021-04-22 19:47:39+00,20.6,448,45.5,3,8.41,second bedroom
70B3D55F200001BC,2021-04-22 19:55:07+00,25,449,36.5,3,9.08,main bedroom
70B3D55F200001B9,2021-04-22 19:55:11+00,20.6,437,45,3,8.24,second bedroom
70B3D55F200001BB,2021-04-22 19:56:48+00,22.1,397,41,3,8.22,lounge
70B3D55F200001BC,2021-04-22 20:02:36+00,25,462,36.5,3,9.08,main bedroom
70B3D55F200001B9,2021-04-22 20:02:43+00,20.7,440,45,3,8.33,second bedroom
70B3D55F200001BB,2021-04-22 20:04:16+00,22.2,399,40.5,3,8.13,lounge
70B3D55F200001BC,2021-04-22 20:10:08+00,25.1,459,36.5,3,9.17,main bedroom
70B3D55F200001B9,2021-04-22 20:10:13+00,20.8,475,45,3,8.42,second bedroom
70B3D55F200001BB,2021-04-22 20:11:48+00,22.2,400,40.5,3,8.13,lounge
70B3D55F200001B9,2021-04-22 20:17:45+00,20.8,444,45,3,8.42,second bedroom
70B3D55F200001BC,2021-04-22 20:17:37+00,25.1,440,36.5,3,9.17,main bedroom
70B3D55F200001BB,2021-04-22 20:19:16+00,22.3,404,40.5,3,8.22,lounge
70B3D55F200001BC,2021-04-22 20:25:05+00,25.2,453,36.5,3,9.26,main bedroom
70B3D55F200001B9,2021-04-22 20:25:13+00,20.8,459,45,3,8.42,second bedroom
70B3D55F200001BC,2021-04-22 20:32:33+00,25.2,463,36.5,3,9.26,main bedroom
70B3D55F200001BB,2021-04-22 20:26:44+00,22.3,390,40.5,3,8.22,lounge
70B3D55F200001B9,2021-04-22 20:32:41+00,20.9,448,45,3,8.51,second bedroom
70B3D55F200001BB,2021-04-22 20:41:43+00,22.4,420,40.5,3,8.31,lounge
70B3D55F200001BB,2021-04-22 20:34:15+00,22.4,401,40.5,3,8.31,lounge
70B3D55F200001BC,2021-04-22 20:40:01+00,25.2,445,36.5,3,9.26,main bedroom
70B3D55F200001B9,2021-04-22 20:40:12+00,20.9,458,45,3,8.51,second bedroom
70B3D55F200001BB,2021-04-22 20:49:15+00,22.4,407,40.5,3,8.31,lounge
70B3D55F200001BC,2021-04-22 20:47:33+00,25.3,449,36.5,3,9.35,main bedroom
70B3D55F200001B9,2021-04-22 20:47:42+00,21,447,45,3,8.61,second bedroom
70B3D55F200001BC,2021-04-22 20:55:01+00,25.3,464,36.5,3,9.35,main bedroom
70B3D55F200001BC,2021-04-22 21:02:32+00,25.3,447,36.5,3,9.35,main bedroom
70B3D55F200001BB,2021-04-22 20:56:45+00,22.5,400,40.5,3,8.4,lounge
70B3D55F200001B9,2021-04-22 21:02:39+00,21,454,45,3,8.61,second bedroom
70B3D55F200001BB,2021-04-22 21:04:14+00,22.5,394,40.5,3,8.4,lounge
70B3D55F200001BC,2021-04-22 21:10:01+00,25.2,449,36.5,3,9.26,main bedroom
70B3D55F200001B9,2021-04-22 21:10:06+00,21,438,45,3,8.61,second bedroom
70B3D55F200001BB,2021-04-22 21:19:15+00,22,400,41,3,8.13,lounge
70B3D55F200001BB,2021-04-22 21:11:43+00,22.3,386,40.5,3,8.22,lounge
70B3D55F200001BC,2021-04-22 21:17:29+00,24.9,460,37,3,9.2,main bedroom
70B3D55F200001B9,2021-04-22 21:17:37+00,21,444,45,3,8.61,second bedroom
70B3D55F200001BB,2021-04-22 21:34:14+00,21.3,412,42,3,7.86,lounge
70B3D55F200001BC,2021-04-22 21:24:59+00,24.5,470,37.5,3,9.04,main bedroom
70B3D55F200001B9,2021-04-22 21:25:09+00,20.9,458,45,3,8.51,second bedroom
70B3D55F200001BB,2021-04-22 21:26:45+00,21.7,414,41.5,3,8.04,lounge
70B3D55F200001BC,2021-04-22 21:32:31+00,24.2,449,38,3,8.97,main bedroom
70B3D55F200001B9,2021-04-22 21:32:40+00,20.8,446,45.5,3,8.59,second bedroom
70B3D55F200001BC,2021-04-22 21:40:02+00,23.8,431,38,3,8.62,main bedroom
70B3D55F200001B9,2021-04-22 21:40:11+00,20.6,417,45.5,3,8.41,second bedroom
70B3D55F200001BB,2021-04-22 21:49:11+00,20.7,411,43,3,7.67,lounge
70B3D55F200001BB,2021-04-22 21:41:42+00,21,414,42.5,3,7.76,lounge
70B3D55F200001BB,2021-04-22 21:56:42+00,20.4,410,43,3,7.39,lounge
70B3D55F200001BC,2021-04-22 21:47:34+00,23.5,427,38.5,3,8.54,main bedroom
70B3D55F200001B9,2021-04-22 21:47:43+00,20.5,438,46,3,8.48,second bedroom
70B3D55F200001BC,2021-04-22 21:55:02+00,23.1,442,39,3,8.38,main bedroom
70B3D55F200001B9,2021-04-22 21:55:11+00,20.3,441,46,3,8.29,second bedroom
70B3D55F200001BC,2021-04-22 22:02:32+00,22.8,427,39.5,3,8.3,main bedroom
70B3D55F200001B9,2021-04-22 22:02:40+00,20.2,439,46.5,3,8.36,second bedroom
70B3D55F200001BB,2021-04-22 22:11:43+00,20,394,44.5,3,7.54,lounge
70B3D55F200001BC,2021-04-22 22:10:00+00,22.5,440,40,3,8.22,main bedroom
70B3D55F200001B9,2021-04-22 22:10:10+00,20.1,438,46.5,3,8.27,second bedroom
70B3D55F200001BC,2021-04-22 22:17:29+00,22.3,417,40.5,3,8.22,main bedroom
70B3D55F200001B9,2021-04-22 22:17:40+00,20,447,47,3,8.34,second bedroom
70B3D55F200001BB,2021-04-22 22:26:40+00,19.6,431,45,3,7.34,lounge
70B3D55F200001BB,2021-04-22 22:19:11+00,19.8,411,45,3,7.52,lounge
70B3D55F200001BC,2021-04-22 22:25:01+00,22.1,436,40.5,3,8.04,main bedroom
70B3D55F200001B9,2021-04-22 22:25:12+00,19.9,436,47,3,8.25,second bedroom
70B3D55F200001BB,2021-04-22 22:34:12+00,19.5,424,45.5,3,7.41,lounge
70B3D55F200001BC,2021-04-22 22:32:29+00,21.9,430,41,3,8.04,main bedroom
70B3D55F200001B9,2021-04-22 22:32:41+00,19.7,418,47,3,8.06,second bedroom
70B3D55F200001BC,2021-04-22 22:40:00+00,21.7,416,41.5,3,8.04,main bedroom
70B3D55F200001BB,2021-04-22 22:41:42+00,19.4,425,45.5,3,7.32,lounge
70B3D55F200001B9,2021-04-22 22:40:12+00,19.7,432,47.5,3,8.22,second bedroom
70B3D55F200001BB,2021-04-22 22:49:14+00,19.3,409,46,3,7.39,lounge
70B3D55F200001BC,2021-04-22 22:47:32+00,21.5,429,41.5,3,7.86,main bedroom
70B3D55F200001B9,2021-04-22 22:47:44+00,19.6,453,47.5,3,8.13,second bedroom
70B3D55F200001BB,2021-04-22 22:56:42+00,19.2,405,46,3,7.29,lounge
70B3D55F200001BC,2021-04-22 22:55:04+00,21.3,439,42,3,7.86,main bedroom
70B3D55F200001B9,2021-04-22 22:55:13+00,19.5,442,48,3,8.19,second bedroom
70B3D55F200001BC,2021-04-22 23:02:33+00,21.2,416,42.5,3,7.94,main bedroom
70B3D55F200001B9,2021-04-22 23:02:43+00,19.4,436,48,3,8.1,second bedroom
70B3D55F200001BB,2021-04-22 23:11:42+00,19,424,46.5,3,7.27,lounge
70B3D55F200001BB,2021-04-22 23:04:15+00,19.1,419,46.5,3,7.36,lounge
70B3D55F200001BC,2021-04-22 23:10:05+00,21,416,42.5,3,7.76,main bedroom
70B3D55F200001B9,2021-04-22 23:10:12+00,19.3,454,48,3,8.01,second bedroom
70B3D55F200001BC,2021-04-22 23:17:34+00,20.9,429,43,3,7.85,main bedroom
70B3D55F200001B9,2021-04-22 23:17:40+00,19.2,436,48.5,3,8.07,second bedroom
70B3D55F200001BC,2021-04-22 23:25:06+00,20.8,441,43,3,7.76,main bedroom
70B3D55F200001BB,2021-04-22 23:19:10+00,18.9,404,47,3,7.34,lounge
70B3D55F200001B9,2021-04-22 23:25:08+00,19.2,439,48.5,3,8.07,second bedroom
70B3D55F200001BC,2021-04-22 23:32:36+00,20.7,444,43.5,3,7.83,main bedroom
70B3D55F200001BB,2021-04-22 23:26:38+00,18.9,425,47,3,7.34,lounge
70B3D55F200001B9,2021-04-22 23:32:37+00,19.1,433,48.5,3,7.98,second bedroom
70B3D55F200001BB,2021-04-22 23:41:36+00,18.8,403,47.5,3,7.4,lounge
70B3D55F200001BB,2021-04-22 23:34:07+00,18.8,422,47.5,3,7.4,lounge
70B3D55F200001BC,2021-04-22 23:40:04+00,20.6,451,43.5,3,7.74,main bedroom
70B3D55F200001BB,2021-04-22 23:49:06+00,18.7,408,47.5,3,7.31,lounge
70B3D55F200001BC,2021-04-22 23:47:32+00,20.5,428,44,3,7.82,main bedroom
70B3D55F200001B9,2021-04-22 23:47:35+00,19,454,49,3,8.04,second bedroom
70B3D55F200001BB,2021-04-22 23:56:37+00,18.7,423,48,3,7.46,lounge
70B3D55F200001BC,2021-04-22 23:55:00+00,20.4,421,44,3,7.73,main bedroom
70B3D55F200001B9,2021-04-22 23:55:06+00,18.9,439,49,3,7.95,second bedroom
