2014/08/21,12:34:52,420EA994,-72,1,141,20,2864,42.03,222,287,12451,64972,1
2014/08/21,12:34:52,42B4744E,-38,1,76,20,3142,43.77,219,984,436,65476,1
2014/08/21,12:34:53,42081734,-59,2,236,20,2989,42.86,222,263,27687,22108,1
2014/08/21,12:34:57,420EA994,-67,1,142,20,2864,42.03,222,288,12451,65031,1
2014/08/21,12:35:02,420EA994,-65,1,143,20,2864,42.03,222,288,12451,65083,1
2014/08/21,12:35:07,420EA994,-66,1,144,20,2864,42.05,222,289,12451,65132,1
2014/08/21,12:35:09,42B4744E,-40,1,77,20,3142,43.77,219,984,436,126,1
2014/08/21,12:35:12,420EA994,-67,1,145,20,2864,42.03,222,289,12451,65181,1
2014/08/21,12:35:13,427CF4E4,-49,1,51,20,2812,42.62,221,316,6818,47647,1
2014/08/21,12:35:14,427CF4E4,-49,2,52,20,2812,42.62,221,316,6819,47689,1
2014/08/21,12:35:15,42AA57D9,-57,1,188,20,3142,41.76,223,246,3054,29281,1
2014/08/21,12:35:17,420EA994,-62,1,146,20,2864,42.03,222,290,12451,65225,1
2014/08/21,12:35:22,420EA994,-61,1,147,20,2864,42.03,222,290,12451,65293,1
2014/08/21,12:35:25,42B4744E,-46,1,78,20,3142,43.62,219,984,436,320,1
2014/08/21,12:35:26,42FE2C58,-38,1,124,20,2659,39.56,232,899,856,15203,1
2014/08/21,12:35:27,420EA994,-67,1,148,20,2864,42.03,222,291,12451,65340,1
2014/08/21,12:35:31,420EA994,-64,1,149,20,2864,42.05,222,291,12451,65391,1
2014/08/21,12:35:32,42DEB6AA,-50,1,213,20,3087,41.96,221,281,8947,1628,1
2014/08/21,12:35:33,42DEB6AA,-51,2,214,20,3087,41.96,221,281,8948,1665,1
2014/08/21,12:35:36,420EA994,-62,1,150,20,2864,42.05,222,292,12451,65453,1
2014/08/21,12:35:41,42B4744E,-44,1,79,20,3142,43.67,219,985,436,516,1
2014/08/21,12:35:41,420EA994,-64,1,151,20,2864,42.05,222,292,12451,65513,1
2014/08/21,12:35:42,42A8501C,-39,1,248,20,3150,38.17,237,661,2330,29471,1
2014/08/21,12:35:43,4245BE7B,-37,1,119,20,2975,42.28,215,984,647,57592,1
2014/08/21,12:35:46,420EA994,-72,1,152,20,2864,42.05,222,292,12451,22,1
2014/08/21,12:35:50,42081734,-61,1,237,20,2989,42.86,222,269,27692,24481,1
2014/08/21,12:35:51,420EA994,-70,1,153,20,2864,42.03,222,288,12451,62,1
2014/08/21,12:35:56,420EA994,-69,1,154,20,2864,42.05,222,290,12451,115,1
2014/08/21,12:35:58,42B4744E,-37,1,80,20,3142,43.63,219,986,436,693,1
2014/08/21,12:36:01,420EA994,-61,1,155,20,2864,42.05,222,290,12451,176,1
2014/08/21,12:36:06,420EA994,-67,1,156,20,2864,42.03,222,290,12451,232,1
2014/08/21,12:36:11,420EA994,-59,1,157,20,2864,42.05,222,291,12451,295,1
2014/08/21,12:36:12,427CF4E4,-46,1,53,20,2812,42.64,221,318,6820,48580,1
2014/08/21,12:36:14,427CF4E4,-46,2,54,20,2812,42.64,221,318,6821,48621,1
2014/08/21,12:36:14,42AA57D9,-53,1,189,20,3142,41.78,223,251,3054,30172,1
2014/08/21,12:36:14,42B4744E,-37,1,81,20,3142,43.65,219,988,436,832,1
2014/08/21,12:36:16,420EA994,-57,1,158,20,2864,42.05,222,292,12451,362,1
2014/08/21,12:36:21,420EA994,-58,1,159,20,2864,42.03,222,293,12451,418,1
2014/08/21,12:36:25,42FE2C58,-37,1,125,20,2659,39.59,232,921,856,16096,1
2014/08/21,12:36:26,420EA994,-56,1,160,20,2864,42.03,222,294,12451,471,1
2014/08/21,12:36:30,42DEB6AA,-50,1,215,20,3087,41.96,221,287,8949,2826,1
2014/08/21,12:36:30,42B4744E,-37,1,82,20,3142,43.63,219,990,436,1040,1
2014/08/21,12:36:31,420EA994,-60,1,161,20,2864,42.05,222,296,12451,527,1
2014/08/21,12:36:36,420EA994,-56,1,162,20,2864,42.05,222,294,12451,589,1
2014/08/21,12:36:40,42A8501C,-46,2,249,20,3150,38.17,237,661,2331,30562,1
2014/08/21,12:36:41,420EA994,-54,1,163,20,2864,42.05,222,290,12451,627,1
2014/08/21,12:36:42,42FE2C58,-38,2,126,20,2659,39.59,232,921,857,16433,1
2014/08/21,12:36:42,42A8501C,-39,1,250,20,3149,38.14,236,712,2331,30690,1
2014/08/21,12:36:46,420EA994,-57,1,164,20,2864,42.05,222,293,12451,687,1
2014/08/21,12:36:47,42B4744E,-37,1,83,20,3142,43.62,219,992,436,1213,1
2014/08/21,12:36:48,4245BE7B,-37,1,120,20,2975,42.28,215,990,647,58336,1
2014/08/21,12:36:50,42081734,-54,1,239,20,2989,42.86,222,276,27697,26707,1
2014/08/21,12:36:51,420EA994,-57,1,165,20,2864,42.05,222,295,12451,746,1
2014/08/21,12:36:54,42DEB6AA,-52,2,216,20,3087,41.96,221,287,8950,3236,1
2014/08/21,12:36:56,420EA994,-57,1,166,20,2864,42.05,222,309,12451,792,1
2014/08/21,12:37:01,420EA994,-58,1,167,20,2864,42.03,222,314,12451,868,1
2014/08/21,12:37:03,42B4744E,-40,1,84,20,3142,43.62,219,994,436,1396,1
2014/08/21,12:37:04,42081734,-52,2,240,20,2989,42.86,222,276,27698,27153,1
2014/08/21,12:37:06,420EA994,-54,1,168,20,2864,42.05,222,307,12451,933,1
2014/08/21,12:37:11,420EA994,-54,1,169,20,2864,42.05,222,306,12451,982,1
2014/08/21,12:37:11,427CF4E4,-44,1,55,20,2812,42.64,221,332,6822,49526,1
2014/08/21,12:37:13,42AA57D9,-51,1,190,20,3142,41.78,223,269,3054,31065,1
2014/08/21,12:37:13,427CF4E4,-45,2,56,20,2812,42.64,221,332,6823,49567,1
2014/08/21,12:37:16,420EA994,-52,2,170,20,2864,42.05,222,306,12452,1075,1
2014/08/21,12:37:16,420EA994,-53,1,171,20,2858,42.05,222,307,12452,1088,1
2014/08/21,12:37:18,420EA994,-53,2,172,20,2858,42.05,222,307,12452,1164,1
2014/08/21,12:37:19,42B4744E,-38,1,85,20,3142,43.60,219,994,436,1577,1
2014/08/21,12:37:20,420EA994,-53,2,173,20,2858,42.05,222,307,12453,1315,1
2014/08/21,12:37:21,420EA994,-62,1,174,20,2857,42.07,222,307,12453,1432,1
2014/08/21,12:37:23,42AA57D9,-56,2,191,20,3142,41.78,223,269,3055,31209,1
2014/08/21,12:37:23,42FE2C58,-47,1,127,20,2659,39.56,232,938,857,17276,1
2014/08/21,12:37:26,420EA994,-52,1,175,20,2863,42.05,222,303,12453,1624,1
2014/08/21,12:37:28,42DEB6AA,-51,1,217,20,3087,41.98,221,306,8951,4121,1
2014/08/21,12:37:31,420EA994,-57,1,176,20,2864,42.07,222,309,12453,1692,1
2014/08/21,12:37:36,42B4744E,-39,1,86,20,3142,43.58,219,996,436,1766,1
2014/08/21,12:37:36,420EA994,-53,1,177,20,2864,42.08,222,306,12453,1749,1
2014/08/21,12:37:37,42AA57D9,-52,2,192,20,3142,41.78,223,269,3056,31669,1
2014/08/21,12:37:39,42DEB6AA,-47,2,218,20,3087,41.98,221,306,8952,4338,1
2014/08/21,12:37:41,420EA994,-59,1,178,20,2864,42.08,222,304,12453,1829,1
2014/08/21,12:37:43,42A8501C,-40,1,251,20,3150,38.23,235,763,2331,31928,1
2014/08/21,12:37:46,420EA994,-57,1,179,20,2864,42.07,222,308,12453,1880,1
2014/08/21,12:37:49,42081734,-58,1,241,20,2989,42.89,222,286,27703,29289,1
2014/08/21,12:37:51,420EA994,-59,1,180,20,2864,42.08,222,303,12453,1938,1
2014/08/21,12:37:52,4245BE7B,-38,1,121,20,2975,42.28,215,994,647,59080,1
2014/08/21,12:37:52,42B4744E,-38,1,87,20,3142,43.60,219,997,436,1970,1
2014/08/21,12:37:54,42081734,-57,2,242,20,2989,42.89,222,286,27705,29533,1
2014/08/21,12:37:56,420EA994,-64,1,181,20,2864,42.08,222,323,12453,1996,1
2014/08/21,12:38:01,420EA994,-65,1,182,20,2864,42.08,222,324,12453,2059,1
2014/08/21,12:38:06,420EA994,-62,1,183,20,2864,42.10,222,326,12453,2111,1
2014/08/21,12:38:08,42B4744E,-39,1,88,20,3142,43.58,219,997,436,2162,1
2014/08/21,12:38:11,427CF4E4,-48,1,57,20,2812,42.67,221,355,6825,50748,1
2014/08/21,12:38:11,420EA994,-61,1,184,20,2864,42.10,222,324,12453,2158,1
2014/08/21,12:38:12,42AA57D9,-65,1,193,20,3142,41.81,223,288,3056,32384,1
2014/08/21,12:38:12,427CF4E4,-50,2,58,20,2812,42.67,221,355,6826,50796,1
2014/08/21,12:38:16,420EA994,-61,1,185,20,2864,42.10,222,326,12453,2217,1
2014/08/21,12:38:21,420EA994,-64,1,186,20,2864,42.12,222,326,12453,2269,1
2014/08/21,12:38:21,42FE2C58,-37,1,128,20,2659,39.59,232,945,857,18292,1
2014/08/21,12:38:25,42B4744E,-38,1,89,20,3142,43.58,219,997,436,2384,1
2014/08/21,12:38:26,42DEB6AA,-45,1,219,20,3087,42.05,221,328,8954,5732,1
2014/08/21,12:38:31,420EA994,-62,1,188,20,2864,42.10,222,327,12453,2368,1
2014/08/21,12:38:36,420EA994,-65,1,189,20,2864,42.10,222,326,12453,2407,1
2014/08/21,12:38:41,42B4744E,-38,1,90,20,3142,43.58,220,996,436,2565,1
2014/08/21,12:38:41,420EA994,-64,1,190,20,2864,42.10,222,323,12453,2465,1
2014/08/21,12:38:43,42A8501C,-39,1,253,20,3150,38.25,235,765,2332,33212,1
2014/08/21,12:38:46,420EA994,-65,1,191,20,2864,42.08,222,320,12453,2516,1
2014/08/21,12:38:49,42081734,-66,1,243,20,2989,42.91,222,302,27709,31630,1
2014/08/21,12:38:51,420EA994,-64,1,192,20,2864,42.10,222,322,12453,2574,1
2014/08/21,12:38:56,420EA994,-64,1,193,20,2864,42.10,222,321,12453,2628,1
2014/08/21,12:38:56,4245BE7B,-39,1,122,20,2975,42.27,215,994,647,59842,1
2014/08/21,12:38:58,42B4744E,-40,1,91,20,3142,43.58,220,996,436,2761,1
2014/08/21,12:39:01,42081734,-64,2,244,20,2989,42.91,222,302,27710,31940,1
2014/08/21,12:39:01,420EA994,-61,1,194,20,2864,42.08,222,320,12453,2690,1
2014/08/21,12:39:02,42DEB6AA,-45,2,220,20,3087,42.05,221,328,8955,6254,1
2014/08/21,12:39:06,420EA994,-61,1,195,20,2864,42.10,222,321,12453,2749,1
2014/08/21,12:39:10,427CF4E4,-50,1,59,20,2812,42.66,221,351,6827,51677,1
2014/08/21,12:39:11,42AA57D9,-65,1,194,20,3142,41.80,223,286,3056,33169,1
2014/08/21,12:39:11,420EA994,-68,1,196,20,2864,42.10,222,321,12453,2806,1
2014/08/21,12:39:12,427CF4E4,-50,2,60,20,2812,42.66,221,351,6828,51714,1
2014/08/21,12:39:14,42B4744E,-38,1,92,20,3142,43.56,220,997,436,2960,1
2014/08/21,12:39:16,420EA994,-62,1,197,20,2864,42.08,222,320,12453,2862,1
2014/08/21,12:39:17,42DEB6AA,-46,2,221,20,3087,42.05,221,328,8956,6730,1
2014/08/21,12:39:20,42FE2C58,-37,1,129,20,2659,39.61,232,944,857,19257,1
2014/08/21,12:39:21,420EA994,-69,1,198,20,2864,42.08,222,319,12453,2913,1
2014/08/21,12:39:24,42DEB6AA,-43,1,222,20,3087,41.98,221,316,8956,7065,1
2014/08/21,12:39:26,420EA994,-60,1,199,20,2864,42.08,222,318,12453,2961,1
2014/08/21,12:39:30,42B4744E,-38,1,93,20,3142,43.58,220,996,436,3137,1
2014/08/21,12:39:31,420EA994,-64,1,200,20,2864,42.07,222,315,12453,3018,1
2014/08/21,12:39:36,420EA994,-58,1,201,20,2864,42.07,222,314,12453,3064,1
2014/08/21,12:39:39,42A8501C,-40,2,254,20,3150,38.25,235,765,2333,34207,1
2014/08/21,12:39:41,420EA994,-64,1,202,20,2864,42.07,222,311,12453,3129,1
2014/08/21,12:39:43,42A8501C,-40,1,255,20,3150,38.33,235,777,2333,34497,1
2014/08/21,12:39:46,420EA994,-60,1,203,20,2864,42.07,222,309,12453,3191,1
2014/08/21,12:39:47,42B4744E,-38,1,94,20,3142,43.56,219,996,436,3313,1
2014/08/21,12:39:48,42081734,-65,1,245,20,2989,42.88,222,289,27713,33533,1
2014/08/21,12:39:50,42081734,-65,2,246,20,2989,42.88,222,289,27713,33575,1
2014/08/21,12:39:51,420EA994,-61,1,204,20,2864,42.05,222,309,12453,3244,1
2014/08/21,12:39:56,420EA994,-63,1,205,20,2864,42.05,222,307,12453,3287,1
2014/08/21,12:40:01,4245BE7B,-47,1,123,20,2975,42.28,215,996,647,60582,1
2014/08/21,12:40:01,420EA994,-70,1,206,20,2863,42.05,222,305,12453,3326,1
2014/08/21,12:40:03,42B4744E,-43,1,95,20,3142,43.53,219,998,436,3504,1
2014/08/21,12:40:06,420EA994,-64,1,207,20,2864,42.05,222,304,12453,3374,1
2014/08/21,12:40:09,427CF4E4,-50,1,61,20,2812,42.66,222,330,6829,52624,1
2014/08/21,12:40:11,427CF4E4,-47,2,62,20,2812,42.66,222,330,6830,52666,1
2014/08/21,12:40:11,420EA994,-65,1,208,20,2864,42.07,222,300,12453,3443,1
2014/08/21,12:40:16,420EA994,-65,1,209,20,2864,42.07,222,298,12453,3503,1
2014/08/21,12:40:18,42FE2C58,-44,1,130,20,2659,39.59,232,946,857,20045,1
2014/08/21,12:40:19,42B4744E,-37,1,96,20,3142,43.53,219,998,436,3701,1
2014/08/21,12:40:21,420EA994,-63,1,210,20,2863,42.07,222,296,12453,3569,1
2014/08/21,12:40:22,42DEB6AA,-46,1,223,20,3087,41.96,221,292,8957,8028,1
2014/08/21,12:40:26,420EA994,-62,1,211,20,2864,42.07,222,297,12453,3624,1
2014/08/21,12:40:31,420EA994,-63,1,212,20,2864,42.07,222,297,12453,3686,1
2014/08/21,12:40:36,42B4744E,-37,1,97,20,3142,43.53,219,998,436,3879,1
2014/08/21,12:40:36,420EA994,-67,1,213,20,2864,42.07,222,296,12453,3747,1
2014/08/21,12:40:41,420EA994,-62,1,214,20,2864,42.05,222,296,12453,3805,1
2014/08/21,12:40:43,42A8501C,-39,1,0,20,3150,38.35,235,787,2333,35637,1
2014/08/21,12:40:46,420EA994,-65,1,215,20,2864,42.05,222,297,12453,3858,1
2014/08/21,12:40:48,42081734,-63,1,247,20,2987,42.86,222,275,27721,36418,1
2014/08/21,12:40:49,42081734,-63,2,248,20,2987,42.86,222,275,27721,36499,1
2014/08/21,12:40:51,420EA994,-67,1,216,20,2864,42.07,222,297,12453,3932,1
2014/08/21,12:40:51,42DEB6AA,-50,2,224,20,3087,41.96,221,292,8958,8437,1
2014/08/21,12:40:52,42B4744E,-38,1,98,20,3142,43.55,219,1000,436,4066,1
2014/08/21,12:40:58,42A8501C,-38,2,1,20,3150,38.35,235,787,2334,35906,1
2014/08/21,12:41:01,420EA994,-76,1,218,20,2864,42.07,222,298,12453,4043,1
2014/08/21,12:41:05,4245BE7B,-38,1,124,20,2975,42.32,215,996,647,61373,1
2014/08/21,12:41:06,420EA994,-66,1,219,20,2864,42.07,222,299,12453,4093,1
2014/08/21,12:41:08,42B4744E,-38,1,99,20,3142,43.55,219,1000,436,4263,1
2014/08/21,12:41:09,427CF4E4,-47,1,63,20,2812,42.62,222,328,6831,53574,1
2014/08/21,12:41:09,42AA57D9,-59,1,196,20,3142,41.80,223,264,3056,34752,1
2014/08/21,12:41:10,427CF4E4,-47,2,64,20,2812,42.62,222,328,6832,53614,1
2014/08/21,12:41:11,420EA994,-66,1,220,20,2864,42.05,222,301,12453,4148,1
2014/08/21,12:41:13,42A8501C,-41,2,2,20,3150,38.35,235,787,2335,36402,1
2014/08/21,12:41:16,420EA994,-73,1,221,20,2864,42.05,222,302,12453,4201,1
2014/08/21,12:41:16,42FE2C58,-37,1,131,20,2659,39.56,233,949,857,21004,1
2014/08/21,12:41:20,42DEB6AA,-58,1,225,20,3087,41.98,221,297,8958,9035,1
2014/08/21,12:41:21,420EA994,-65,1,222,20,2864,42.05,222,303,12453,4250,1
2014/08/21,12:41:21,42DEB6AA,-49,2,226,20,3087,41.98,221,297,8959,9086,1
2014/08/21,12:41:25,42B4744E,-46,1,100,20,3142,43.50,219,1000,436,4447,1
2014/08/21,12:41:26,420EA994,-64,1,223,20,2864,42.07,222,303,12453,4309,1
2014/08/21,12:41:31,420EA994,-66,1,224,20,2864,42.07,222,303,12453,4361,1
2014/08/21,12:41:36,420EA994,-69,1,225,20,2864,42.05,222,302,12453,4402,1
2014/08/21,12:41:41,420EA994,-66,1,226,20,2864,42.07,222,302,12453,4472,1
2014/08/21,12:41:41,42B4744E,-38,1,101,20,3142,43.51,219,1000,436,4650,1
2014/08/21,12:41:44,42A8501C,-40,1,3,20,3150,38.30,237,774,2335,37117,1
2014/08/21,12:41:46,420EA994,-65,1,227,20,2863,42.07,222,302,12453,4533,1
2014/08/21,12:41:47,42081734,-72,1,249,20,2989,42.86,222,282,27726,38697,1
2014/08/21,12:41:51,420EA994,-67,1,228,20,2864,42.07,222,301,12453,4595,1
2014/08/21,12:41:56,42081734,-61,2,250,20,2989,42.86,222,282,27727,38878,1
2014/08/21,12:41:56,420EA994,-65,1,229,20,2864,42.07,223,301,12453,4660,1
2014/08/21,12:41:57,42B4744E,-37,1,102,20,3142,43.45,220,998,436,4825,1
2014/08/21,12:42:01,420EA994,-65,1,230,20,2864,42.07,223,302,12453,4712,1
2014/08/21,12:42:06,420EA994,-66,1,231,20,2864,42.08,223,302,12453,4766,1
2014/08/21,12:42:08,42AA57D9,-64,1,197,20,3142,41.80,223,267,3056,35557,1
2014/08/21,12:42:08,427CF4E4,-56,1,65,20,2812,42.62,222,330,6833,54518,1
2014/08/21,12:42:10,427CF4E4,-46,2,66,20,2812,42.62,222,330,6834,54561,1
2014/08/21,12:42:10,4245BE7B,-44,1,125,20,2975,42.25,215,993,647,62145,1
2014/08/21,12:42:14,42B4744E,-38,1,103,20,3142,43.43,220,998,436,5017,1
2014/08/21,12:42:15,42FE2C58,-38,1,132,20,2659,39.47,233,933,857,21880,1
2014/08/21,12:42:16,420EA994,-65,1,233,20,2864,42.07,223,303,12453,4870,1
2014/08/21,12:42:18,42DEB6AA,-57,1,227,20,3087,42.00,221,297,8961,10602,1
2014/08/21,12:42:21,420EA994,-64,1,234,20,2864,42.07,223,302,12453,4920,1
2014/08/21,12:42:26,420EA994,-69,1,235,20,2864,42.07,223,300,12453,4996,1
2014/08/21,12:42:30,42B4744E,-38,1,104,20,3142,43.45,220,996,436,5248,1
2014/08/21,12:42:31,420EA994,-66,1,236,20,2864,42.07,223,299,12453,5057,1
2014/08/21,12:42:34,42DEB6AA,-49,2,228,20,3087,42.00,221,297,8962,10872,1
2014/08/21,12:42:36,420EA994,-66,1,237,20,2864,42.05,223,299,12453,5124,1
2014/08/21,12:42:41,420EA994,-65,1,238,20,2864,42.05,223,299,12453,5191,1
2014/08/21,12:42:44,42A8501C,-39,1,4,20,3150,38.14,236,769,2335,38266,1
2014/08/21,12:42:46,420EA994,-65,1,239,20,2864,42.03,223,299,12453,5259,1
2014/08/21,12:42:46,42B4744E,-37,1,105,20,3142,43.45,220,996,436,5433,1
2014/08/21,12:42:47,42081734,-62,1,251,20,2989,42.86,222,279,27733,41165,1
2014/08/21,12:42:48,42081734,-64,2,252,20,2989,42.86,222,279,27733,41239,1
2014/08/21,12:42:51,420EA994,-66,1,240,20,2864,42.03,223,297,12453,5319,1
2014/08/21,12:42:56,420EA994,-65,1,241,20,2864,42.05,223,297,12453,5358,1
2014/08/21,12:43:01,420EA994,-59,1,242,20,2864,42.03,223,299,12453,5434,1
2014/08/21,12:43:03,42B4744E,-38,1,106,20,3142,43.42,219,996,436,5640,1
2014/08/21,12:43:06,420EA994,-60,1,243,20,2864,42.03,223,301,12453,5496,1
2014/08/21,12:43:07,42AA57D9,-57,1,198,20,3142,41.78,223,266,3056,36346,1
2014/08/21,12:43:07,427CF4E4,-44,1,67,20,2812,42.59,222,330,6835,55477,1
2014/08/21,12:43:09,427CF4E4,-45,2,68,20,2812,42.59,222,330,6836,55513,1
2014/08/21,12:43:11,420EA994,-62,1,244,20,2864,42.03,223,305,12453,5542,1
2014/08/21,12:43:13,42FE2C58,-36,1,133,20,2659,39.37,233,932,857,22698,1
2014/08/21,12:43:14,4245BE7B,-38,1,126,20,2975,42.20,215,992,647,62931,1
2014/08/21,12:43:16,420EA994,-57,1,245,20,2864,42.03,223,308,12453,5605,1
2014/08/21,12:43:16,42DEB6AA,-52,1,229,20,3087,41.95,221,306,8963,11880,1
2014/08/21,12:43:19,42B4744E,-38,1,107,20,3142,43.33,219,996,436,5826,1
2014/08/21,12:43:21,420EA994,-60,1,246,20,2864,42.03,223,311,12453,5649,1
2014/08/21,12:43:26,420EA994,-57,1,247,20,2864,42.02,223,313,12453,5723,1
2014/08/21,12:43:29,42DEB6AA,-51,2,230,20,3087,41.95,221,306,8964,12123,1
2014/08/21,12:43:31,420EA994,-60,1,248,20,2864,42.02,223,314,12453,5790,1
2014/08/21,12:43:35,42B4744E,-38,1,108,20,3142,43.28,219,996,436,6021,1
2014/08/21,12:43:36,420EA994,-60,1,249,20,2864,42.00,223,315,12453,5848,1
2014/08/21,12:43:41,420EA994,-62,1,250,20,2864,42.02,223,312,12453,5894,1
2014/08/21,12:43:44,42A8501C,-41,1,5,20,3150,38.14,237,778,2335,39366,1
2014/08/21,12:43:46,420EA994,-72,1,251,20,2864,42.00,223,308,12453,5952,1
2014/08/21,12:43:46,42081734,-62,1,253,20,2989,42.84,223,296,27740,43955,1
2014/08/21,12:43:48,42081734,-60,2,254,20,2989,42.84,223,296,27741,44024,1
2014/08/21,12:43:51,420EA994,-63,1,252,20,2864,42.02,223,318,12453,6027,1
2014/08/21,12:43:52,42B4744E,-37,1,109,20,3142,43.26,219,996,436,6229,1
2014/08/21,12:43:56,420EA994,-65,1,253,20,2864,42.00,223,326,12453,6082,1
2014/08/21,12:44:01,420EA994,-57,1,254,20,2864,42.00,223,326,12453,6136,1
2014/08/21,12:44:06,420EA994,-63,1,255,20,2864,42.00,223,329,12453,6196,1
2014/08/21,12:44:06,42AA57D9,-59,1,199,20,3142,41.76,223,291,3056,37156,1
2014/08/21,12:44:07,427CF4E4,-48,1,69,20,2812,42.54,222,361,6837,56408,1
2014/08/21,12:44:08,42A8501C,-39,2,6,20,3150,38.14,237,778,2336,39821,1
2014/08/21,12:44:08,42B4744E,-36,1,110,20,3142,43.18,219,996,436,6416,1
2014/08/21,12:44:08,427CF4E4,-46,2,70,20,2812,42.54,222,361,6838,56454,1
2014/08/21,12:44:08,42AA57D9,-59,2,200,20,3142,41.76,223,291,3057,37234,1
2014/08/21,12:44:11,420EA994,-62,1,0,20,2864,42.00,223,330,12453,6258,1
2014/08/21,12:44:11,42FE2C58,-37,1,134,20,2659,39.26,233,938,857,23564,1
2014/08/21,12:44:14,42DEB6AA,-50,1,231,20,3087,41.92,221,327,8965,13191,1
2014/08/21,12:44:16,420EA994,-63,1,1,20,2864,42.00,223,330,12453,6307,1
2014/08/21,12:44:19,4245BE7B,-37,1,127,20,2975,42.08,215,994,647,63641,1
2014/08/21,12:44:22,42A8501C,-39,2,7,20,3150,38.14,237,778,2337,40280,1
2014/08/21,12:44:24,42B4744E,-38,1,111,20,3142,43.13,219,996,436,6586,1
2014/08/21,12:44:25,420EA994,-63,1,3,20,2864,42.00,223,331,12453,6417,1
2014/08/21,12:44:29,42DEB6AA,-51,2,232,20,3087,41.92,221,327,8966,13450,1
2014/08/21,12:44:30,420EA994,-59,1,4,20,2864,42.00,223,331,12453,6478,1
2014/08/21,12:44:35,420EA994,-64,1,5,20,2864,42.00,223,331,12453,6538,1
2014/08/21,12:44:40,420EA994,-61,1,6,20,2864,41.98,223,329,12453,6600,1
2014/08/21,12:44:41,42B4744E,-37,1,112,20,3142,43.16,219,995,436,6764,1
2014/08/21,12:44:45,42A8501C,-40,1,8,20,3150,37.96,237,758,2337,40852,1
2014/08/21,12:44:45,420EA994,-59,1,7,20,2864,41.98,223,326,12453,6686,1
2014/08/21,12:44:46,42081734,-59,1,255,20,2989,42.81,223,306,27745,46175,1
2014/08/21,12:44:50,420EA994,-61,1,8,20,2864,41.98,223,323,12453,6740,1
2014/08/21,12:44:53,42081734,-57,2,0,20,2989,42.81,223,306,27746,46373,1
2014/08/21,12:44:55,420EA994,-62,1,9,20,2864,41.98,223,317,12453,6803,1
2014/08/21,12:44:57,42B4744E,-37,1,113,20,3142,43.13,219,994,436,6980,1
2014/08/21,12:45:00,420EA994,-63,1,10,20,2864,41.98,223,321,12453,6852,1
2014/08/21,12:45:05,42AA57D9,-58,1,201,20,3142,41.74,223,280,3057,38237,1
2014/08/21,12:45:05,420EA994,-66,1,11,20,2864,41.98,223,318,12453,6917,1
2014/08/21,12:45:06,427CF4E4,-49,1,71,20,2812,42.52,222,346,6839,57340,1
2014/08/21,12:45:07,427CF4E4,-48,2,72,20,2812,42.52,222,346,6840,57380,1
2014/08/21,12:45:09,42FE2C58,-36,1,135,20,2659,39.19,233,917,857,24422,1
2014/08/21,12:45:10,420EA994,-68,1,12,20,2864,41.96,223,318,12453,6974,1
2014/08/21,12:45:12,42DEB6AA,-50,1,233,20,3087,41.88,221,312,8966,14235,1
2014/08/21,12:45:13,42B4744E,-38,1,114,20,3142,43.11,219,992,436,7155,1
2014/08/21,12:45:15,420EA994,-61,1,13,20,2864,41.95,223,321,12453,7033,1
2014/08/21,12:45:20,420EA994,-63,1,14,20,2864,41.96,223,323,12453,7084,1
2014/08/21,12:45:23,4245BE7B,-38,1,128,20,2975,42.00,215,990,647,64377,1
2014/08/21,12:45:25,42A8501C,-46,2,9,20,3150,37.96,237,758,2338,41645,1
2014/08/21,12:45:25,420EA994,-64,1,15,20,2863,41.95,223,325,12453,7138,1
2014/08/21,12:45:30,42B4744E,-38,1,115,20,3142,43.18,219,994,436,7337,1
2014/08/21,12:45:30,420EA994,-64,1,16,20,2864,41.95,223,325,12453,7193,1
2014/08/21,12:45:35,420EA994,-66,1,17,20,2864,41.95,223,326,12453,7243,1
2014/08/21,12:45:40,420EA994,-65,1,18,20,2864,41.95,223,330,12453,7294,1
2014/08/21,12:45:45,42A8501C,-39,1,10,20,3150,37.96,235,764,2338,42212,1
2014/08/21,12:45:45,420EA994,-64,1,19,20,2864,41.95,223,331,12453,7345,1
2014/08/21,12:45:46,42081734,-60,1,1,20,2989,42.76,223,312,27750,48461,1
2014/08/21,12:45:46,42B4744E,-38,1,116,20,3142,43.18,219,994,436,7506,1
2014/08/21,12:45:50,420EA994,-62,1,20,20,2864,41.93,223,328,12453,7385,1
2014/08/21,12:45:52,42081734,-61,2,2,20,2989,42.76,223,312,27751,48599,1
2014/08/21,12:45:55,420EA994,-65,1,21,20,2864,41.93,223,324,12453,7442,1
2014/08/21,12:46:00,420EA994,-65,1,22,20,2864,41.92,223,326,12453,7507,1
2014/08/21,12:46:03,42B4744E,-37,1,117,20,3142,43.19,219,992,436,7714,1
2014/08/21,12:46:04,42AA57D9,-68,1,202,20,3142,41.70,223,290,3057,39057,1
2014/08/21,12:46:05,427CF4E4,-47,1,73,20,2812,42.46,222,358,6841,58234,1
2014/08/21,12:46:05,420EA994,-67,1,23,20,2864,41.92,223,327,12453,7568,1
2014/08/21,12:46:07,427CF4E4,-48,2,74,20,2812,42.46,222,358,6842,58281,1
2014/08/21,12:46:07,42DEB6AA,-56,2,234,20,3087,41.88,221,312,8967,15014,1
2014/08/21,12:46:08,42FE2C58,-45,1,136,20,2659,39.21,233,917,857,25292,1
2014/08/21,12:46:09,42AA57D9,-64,2,203,20,3142,41.70,223,290,3058,39152,1
2014/08/21,12:46:10,42DEB6AA,-51,1,235,20,3087,41.81,221,333,8967,15247,1
2014/08/21,12:46:15,420EA994,-65,1,25,20,2864,41.92,223,328,12453,7675,1
2014/08/21,12:46:19,42B4744E,-37,1,118,20,3142,43.19,219,992,436,7924,1
2014/08/21,12:46:20,420EA994,-63,1,26,20,2864,41.90,223,331,12453,7726,1
2014/08/21,12:46:25,42DEB6AA,-51,2,236,20,3087,41.81,221,333,8968,15513,1
2014/08/21,12:46:25,420EA994,-62,1,27,20,2864,41.90,223,331,12453,7779,1
2014/08/21,12:46:28,4245BE7B,-38,1,129,20,2975,41.96,215,992,647,65151,1
2014/08/21,12:46:30,420EA994,-64,1,28,20,2864,41.88,223,331,12453,7836,1
2014/08/21,12:46:35,42B4744E,-38,1,119,20,3142,43.19,220,992,436,8119,1
2014/08/21,12:46:35,420EA994,-65,1,29,20,2864,41.86,223,331,12453,7890,1
2014/08/21,12:46:40,420EA994,-64,1,30,20,2864,41.88,223,330,12453,7948,1
2014/08/21,12:46:45,42A8501C,-40,1,11,20,3150,38.02,236,761,2338,43284,1
2014/08/21,12:46:45,42081734,-60,1,3,20,2989,42.67,223,309,27756,50845,1
2014/08/21,12:46:45,420EA994,-63,1,31,20,2864,41.86,223,329,12453,8011,1
2014/08/21,12:46:50,420EA994,-70,1,32,20,2864,41.86,223,329,12453,8081,1
2014/08/21,12:46:52,42B4744E,-38,1,120,20,3142,43.19,220,992,436,8313,1
2014/08/21,12:46:55,420EA994,-59,1,33,20,2864,41.85,223,329,12453,8130,1
2014/08/21,12:46:56,42081734,-60,2,4,20,2989,42.67,223,309,27757,51086,1
2014/08/21,12:47:00,420EA994,-55,1,34,20,2864,41.86,223,326,12453,8185,1
2014/08/21,12:47:03,42AA57D9,-65,1,204,20,3142,41.63,223,288,3058,40111,1
2014/08/21,12:47:05,427CF4E4,-47,1,75,20,2812,42.39,222,358,6843,59169,1
2014/08/21,12:47:05,420EA994,-60,1,35,20,2864,41.86,223,327,12453,8244,1
2014/08/21,12:47:06,42FE2C58,-38,1,137,20,2659,39.19,233,919,857,26205,1
2014/08/21,12:47:06,427CF4E4,-54,2,76,20,2812,42.39,222,358,6844,59211,1
2014/08/21,12:47:08,42B4744E,-38,1,121,20,3142,43.18,220,992,436,8487,1
2014/08/21,12:47:08,42DEB6AA,-60,1,237,20,3087,41.78,221,328,8968,16342,1
2014/08/21,12:47:10,420EA994,-57,1,36,20,2864,41.85,223,327,12453,8304,1
2014/08/21,12:47:15,420EA994,-58,1,37,20,2864,41.85,223,328,12453,8344,1
2014/08/21,12:47:17,42DEB6AA,-52,2,238,20,3087,41.78,221,328,8969,16488,1
2014/08/21,12:47:20,420EA994,-68,1,38,20,2864,41.85,223,329,12453,8394,1
2014/08/21,12:47:24,42B4744E,-37,1,122,20,3142,43.16,220,992,436,8682,1
2014/08/21,12:47:25,420EA994,-59,1,39,20,2864,41.85,223,329,12453,8446,1
2014/08/21,12:47:30,420EA994,-57,1,40,20,2864,41.85,223,327,12453,8494,1
2014/08/21,12:47:32,4245BE7B,-37,1,130,20,2975,41.90,215,990,647,365,1
2014/08/21,12:47:35,420EA994,-62,1,41,20,2864,41.85,223,330,12453,8544,1
2014/08/21,12:47:38,42A8501C,-45,2,12,20,3150,38.02,236,761,2339,44226,1
2014/08/21,12:47:40,420EA994,-69,1,42,20,2864,41.83,223,329,12453,8600,1
2014/08/21,12:47:41,42B4744E,-37,1,123,20,3142,43.14,220,992,436,8871,1
2014/08/21,12:47:45,42081734,-54,1,5,20,2989,42.66,223,306,27761,53069,1
2014/08/21,12:47:45,420EA994,-57,1,43,20,2864,41.83,223,326,12453,8667,1
2014/08/21,12:47:45,42A8501C,-46,1,13,20,3150,37.96,236,743,2339,44557,1
2014/08/21,12:47:46,42081734,-55,2,6,20,2989,42.66,223,306,27762,53138,1
2014/08/21,12:47:50,420EA994,-60,1,44,20,2864,41.83,223,322,12453,8738,1
2014/08/21,12:47:55,420EA994,-53,1,45,20,2864,41.81,223,320,12453,8796,1
2014/08/21,12:47:57,42B4744E,-38,1,124,20,3142,43.14,220,992,436,9070,1
2014/08/21,12:47:58,42DEB6AA,-58,2,239,20,3087,41.78,221,328,8972,17908,1
2014/08/21,12:48:00,420EA994,-53,1,46,20,2864,41.81,223,321,12453,8838,1
2014/08/21,12:48:02,42AA57D9,-52,1,205,20,3142,41.58,223,285,3058,40961,1
2014/08/21,12:48:04,427CF4E4,-47,1,77,20,2812,42.34,222,356,6845,60136,1
2014/08/21,12:48:04,42FE2C58,-38,1,138,20,2659,39.14,234,915,857,27164,1
2014/08/21,12:48:05,420EA994,-80,1,47,20,2864,41.80,223,318,12453,8884,1
2014/08/21,12:48:05,427CF4E4,-47,2,78,20,2812,42.34,222,356,6846,60188,1
2014/08/21,12:48:06,42DEB6AA,-49,1,240,20,3087,41.71,221,298,8973,18512,1
2014/08/21,12:48:06,42AA57D9,-66,2,206,20,3142,41.58,223,285,3059,41073,1
2014/08/21,12:48:07,420EA994,-69,2,48,20,2864,41.80,223,318,12454,8942,1
2014/08/21,12:48:09,420EA994,-60,2,49,20,2864,41.80,223,318,12455,9168,1
2014/08/21,12:48:10,420EA994,-63,1,50,20,2857,41.81,223,317,12455,9239,1
2014/08/21,12:48:12,420EA994,-55,2,51,20,2857,41.81,223,317,12455,9387,1
2014/08/21,12:48:13,42B4744E,-43,1,125,20,3142,43.13,221,992,436,9253,1
2014/08/21,12:48:14,420EA994,-64,2,52,20,2857,41.81,223,317,12456,9624,1
2014/08/21,12:48:15,420EA994,-66,1,53,20,2857,41.81,223,321,12456,9759,1
2014/08/21,12:48:20,420EA994,-58,1,54,20,2862,41.85,223,322,12456,9937,1
2014/08/21,12:48:25,420EA994,-59,1,55,20,2863,41.85,223,321,12456,9999,1
2014/08/21,12:48:30,42B4744E,-38,1,126,20,3142,43.06,221,991,436,9470,1
2014/08/21,12:48:30,420EA994,-57,1,56,20,2863,41.83,223,322,12456,10052,1
2014/08/21,12:48:35,420EA994,-55,1,57,20,2863,41.81,223,323,12456,10113,1
2014/08/21,12:48:36,4245BE7B,-36,1,131,20,2975,41.86,215,990,647,1166,1
2014/08/21,12:48:40,420EA994,-53,1,58,20,2864,41.81,223,323,12456,10167,1
2014/08/21,12:48:44,42081734,-53,1,7,20,2989,42.62,223,304,27767,55580,1
2014/08/21,12:48:45,420EA994,-64,1,59,20,2864,41.81,223,324,12456,10212,1
2014/08/21,12:48:46,42A8501C,-39,1,14,20,3150,37.90,237,716,2339,45645,1
2014/08/21,12:48:46,42B4744E,-37,1,127,20,3142,43.03,221,990,436,9644,1
2014/08/21,12:48:50,420EA994,-55,1,60,20,2864,41.81,223,324,12456,10272,1
2014/08/21,12:48:55,420EA994,-56,1,61,20,2864,41.80,223,324,12456,10328,1
2014/08/21,12:49:00,420EA994,-58,1,62,20,2863,41.80,223,324,12456,10379,1
2014/08/21,12:49:01,42AA57D9,-54,1,207,20,3142,41.58,223,288,3059,42039,1
2014/08/21,12:49:02,42B4744E,-37,1,128,20,3142,42.97,222,990,436,9816,1
2014/08/21,12:49:03,42FE2C58,-37,1,139,20,2659,39.05,234,893,857,28165,1
2014/08/21,12:49:03,427CF4E4,-55,1,79,20,2812,42.32,222,355,6847,61086,1
2014/08/21,12:49:04,42081734,-56,2,8,20,2989,42.62,223,304,27768,56080,1
2014/08/21,12:49:04,42DEB6AA,-53,1,241,20,3087,41.70,222,316,8976,20179,1
2014/08/21,12:49:05,427CF4E4,-45,2,80,20,2812,42.32,222,355,6848,61129,1
2014/08/21,12:49:05,420EA994,-56,1,63,20,2864,41.78,223,323,12456,10431,1
2014/08/21,12:49:06,42DEB6AA,-53,2,242,20,3087,41.70,222,316,8977,20215,1
2014/08/21,12:49:10,420EA994,-56,1,64,20,2864,41.78,223,323,12456,10488,1
2014/08/21,12:49:15,420EA994,-55,1,65,20,2864,41.78,223,322,12456,10535,1
2014/08/21,12:49:19,42B4744E,-37,1,129,20,3142,42.91,222,990,436,9985,1
2014/08/21,12:49:20,420EA994,-55,1,66,20,2864,41.76,223,321,12456,10592,1
2014/08/21,12:49:25,420EA994,-59,1,67,20,2864,41.76,223,323,12456,10662,1
2014/08/21,12:49:30,420EA994,-57,1,68,20,2864,41.76,223,321,12456,10707,1
2014/08/21,12:49:35,420EA994,-59,1,69,20,2864,41.76,223,322,12456,10774,1
2014/08/21,12:49:35,42B4744E,-37,1,130,20,3142,42.86,222,988,436,10190,1
2014/08/21,12:49:40,420EA994,-60,1,70,20,2864,41.74,223,321,12456,10837,1
2014/08/21,12:49:41,4245BE7B,-44,1,132,20,2975,41.76,215,988,647,1934,1
2014/08/21,12:49:44,42081734,-57,1,9,20,2989,42.56,223,297,27772,57925,1
2014/08/21,12:49:45,420EA994,-55,1,71,20,2864,41.74,223,319,12456,10884,1
2014/08/21,12:49:46,42A8501C,-40,1,15,20,3150,37.79,237,704,2339,46750,1
2014/08/21,12:49:48,42A8501C,-38,2,16,20,3150,37.79,237,704,2340,46794,1
2014/08/21,12:49:49,42DEB6AA,-51,2,243,20,3087,41.70,222,316,8979,21267,1
2014/08/21,12:49:50,420EA994,-57,1,72,20,2864,41.73,223,318,12456,10960,1
2014/08/21,12:49:50,42A8501C,-40,2,17,20,3150,37.79,237,704,2341,46959,1
2014/08/21,12:49:51,42081734,-58,2,10,20,2989,42.56,223,297,27773,58117,1
2014/08/21,12:49:51,42B4744E,-37,1,131,20,3142,42.81,222,988,436,10400,1
2014/08/21,12:49:55,420EA994,-59,1,73,20,2864,41.73,223,313,12456,11019,1
2014/08/21,12:50:00,42AA57D9,-62,1,208,20,3142,41.51,223,266,3059,42878,1
2014/08/21,12:50:00,420EA994,-67,1,74,20,2864,41.73,223,305,12456,11080,1
2014/08/21,12:50:01,42FE2C58,-37,1,140,20,2659,38.48,235,837,857,29217,1
2014/08/21,12:50:02,42DEB6AA,-51,1,244,20,3087,41.64,222,294,8979,21672,1
2014/08/21,12:50:02,427CF4E4,-46,1,81,20,2812,42.25,222,332,6849,62035,1
2014/08/21,12:50:04,427CF4E4,-53,2,82,20,2812,42.25,222,332,6850,62078,1
2014/08/21,12:50:05,420EA994,-55,1,75,20,2864,41.71,223,300,12456,11135,1
2014/08/21,12:50:08,42B4744E,-47,1,132,20,3142,42.78,222,982,436,10568,1
2014/08/21,12:50:10,420EA994,-58,1,76,20,2864,41.71,223,299,12456,11197,1
2014/08/21,12:50:15,420EA994,-61,1,77,20,2864,41.73,223,297,12456,11233,1
2014/08/21,12:50:20,420EA994,-60,1,78,20,2864,41.71,223,298,12456,11287,1
2014/08/21,12:50:24,42B4744E,-38,1,133,20,3142,42.74,222,981,436,10775,1
2014/08/21,12:50:25,420EA994,-57,1,79,20,2864,41.71,223,301,12456,11338,1
2014/08/21,12:50:30,420EA994,-61,1,80,20,2864,41.71,223,303,12456,11390,1
2014/08/21,12:50:33,420EA994,-60,2,81,20,2864,41.71,223,303,12457,11435,1
2014/08/21,12:50:35,420EA994,-60,1,82,20,2860,41.71,223,306,12457,11532,1
2014/08/21,12:50:40,420EA994,-69,1,83,20,2863,41.70,223,307,12457,11711,1
2014/08/21,12:50:40,42B4744E,-37,1,134,20,3142,42.70,222,982,436,10942,1
2014/08/21,12:50:43,42081734,-56,1,11,20,2989,42.50,223,282,27779,60579,1
2014/08/21,12:50:45,420EA994,-58,1,84,20,2863,41.70,223,307,12457,11770,1
2014/08/21,12:50:45,4245BE7B,-37,1,133,20,2975,41.73,215,983,647,2676,1
2014/08/21,12:50:46,42A8501C,-48,1,18,20,3150,37.79,237,630,2341,48221,1
2014/08/21,12:50:49,42081734,-67,2,12,20,2989,42.50,223,282,27780,60710,1
2014/08/21,12:50:50,420EA994,-60,1,85,20,2864,41.70,223,304,12457,11834,1
2014/08/21,12:50:55,420EA994,-57,1,86,20,2864,41.70,223,307,12457,11873,1
2014/08/21,12:50:57,42B4744E,-36,1,135,20,3142,42.66,222,980,436,11131,1
2014/08/21,12:50:59,42AA57D9,-54,1,209,20,3142,41.48,223,266,3059,43641,1
2014/08/21,12:50:59,42FE2C58,-37,1,141,20,2659,38.40,235,824,857,30078,1
2014/08/21,12:51:00,420EA994,-56,1,87,20,2864,41.70,223,308,12457,11932,1
2014/08/21,12:51:00,42DEB6AA,-52,1,245,20,3087,41.60,221,299,8979,22503,1
2014/08/21,12:51:02,427CF4E4,-49,1,83,20,2812,42.20,222,343,6851,62966,1
2014/08/21,12:51:02,42DEB6AA,-51,2,246,20,3087,41.60,221,299,8980,22534,1
2014/08/21,12:51:03,427CF4E4,-49,2,84,20,2812,42.20,222,343,6852,63017,1
2014/08/21,12:51:05,420EA994,-58,1,88,20,2864,41.70,223,312,12457,11974,1
2014/08/21,12:51:10,420EA994,-59,1,89,20,2864,41.68,223,312,12457,12024,1
2014/08/21,12:51:13,42B4744E,-37,1,136,20,3142,42.67,221,980,436,11315,1
2014/08/21,12:51:15,420EA994,-56,1,90,20,2864,41.70,223,308,12457,12069,1
2014/08/21,12:51:20,420EA994,-57,1,91,20,2864,41.68,223,305,12457,12119,1
2014/08/21,12:51:25,420EA994,-57,1,92,20,2864,41.68,223,303,12457,12173,1
2014/08/21,12:51:30,42B4744E,-35,1,137,20,3142,42.70,221,976,436,11488,1
2014/08/21,12:51:30,420EA994,-65,1,93,20,2864,41.68,223,304,12457,12243,1
2014/08/21,12:51:35,420EA994,-56,1,94,20,2864,41.70,223,306,12457,12300,1
2014/08/21,12:51:40,420EA994,-59,1,95,20,2864,41.71,223,301,12457,12357,1
2014/08/21,12:51:43,42081734,-57,1,13,20,2988,42.49,223,272,27784,62666,1
2014/08/21,12:51:44,42081734,-57,2,14,20,2988,42.49,223,272,27784,62737,1
2014/08/21,12:51:45,420EA994,-59,1,96,20,2864,41.70,223,296,12457,12418,1
2014/08/21,12:51:46,42B4744E,-37,1,138,20,3142,42.62,221,972,436,11682,1
2014/08/21,12:51:46,42DEB6AA,-50,2,247,20,3087,41.60,221,299,8982,23536,1
2014/08/21,12:51:47,42A8501C,-39,1,19,20,3150,37.76,239,570,2341,49267,1
2014/08/21,12:51:48,42A8501C,-39,2,20,20,3150,37.76,239,570,2342,49316,1
2014/08/21,12:51:50,420EA994,-57,1,97,20,2864,41.70,223,296,12457,12475,1
2014/08/21,12:51:50,4245BE7B,-38,1,134,20,2975,41.74,215,976,647,3486,1
2014/08/21,12:51:51,42A8501C,-38,2,21,20,3150,37.76,239,570,2343,49477,1
2014/08/21,12:51:55,420EA994,-56,1,98,20,2864,41.71,223,296,12457,12527,1
2014/08/21,12:51:57,42FE2C58,-37,1,142,20,2659,38.35,236,785,857,30920,1
2014/08/21,12:51:58,42AA57D9,-55,1,210,20,3142,41.48,223,253,3059,44425,1
2014/08/21,12:51:58,42DEB6AA,-51,1,248,20,3087,41.61,222,284,8983,24078,1
2014/08/21,12:52:00,420EA994,-55,1,99,20,2864,41.70,223,297,12457,12590,1
2014/08/21,12:52:01,427CF4E4,-49,1,85,20,2812,42.22,222,331,6853,63849,1
2014/08/21,12:52:02,42B4744E,-43,1,139,20,3142,42.66,221,970,436,11886,1
2014/08/21,12:52:03,427CF4E4,-48,2,86,20,2812,42.22,222,331,6854,63889,1
2014/08/21,12:52:05,420EA994,-65,1,100,20,2864,41.70,223,300,12457,12655,1
2014/08/21,12:52:10,420EA994,-57,1,101,20,2864,41.70,223,303,12457,12706,1
2014/08/21,12:52:11,42A8501C,-38,2,22,20,3150,37.76,239,570,2344,50092,1
2014/08/21,12:52:15,420EA994,-56,1,102,20,2864,41.70,223,308,12457,12761,1
2014/08/21,12:52:19,42B4744E,-37,1,140,20,3142,42.67,221,972,436,12084,1
2014/08/21,12:52:19,42AA57D9,-56,2,211,20,3142,41.48,223,253,3060,44731,1
2014/08/21,12:52:20,420EA994,-57,1,103,20,2864,41.71,223,312,12457,12818,1
2014/08/21,12:52:25,420EA994,-56,1,104,20,2864,41.70,223,317,12457,12872,1
2014/08/21,12:52:30,420EA994,-60,1,105,20,2864,41.70,223,317,12457,12929,1
2014/08/21,12:52:35,420EA994,-59,1,106,20,2864,41.70,223,324,12457,12994,1
2014/08/21,12:52:35,42B4744E,-37,1,141,20,3142,42.70,221,976,436,12288,1
2014/08/21,12:52:40,420EA994,-63,1,107,20,2864,41.70,223,324,12457,13055,1
2014/08/21,12:52:42,42081734,-66,1,15,20,2989,42.49,223,298,27792,32,1
2014/08/21,12:52:45,420EA994,-62,1,108,20,2864,41.70,223,325,12457,13101,1
2014/08/21,12:52:47,42A8501C,-45,1,23,20,3150,37.65,239,600,2344,50947,1
2014/08/21,12:52:49,42081734,-55,2,16,20,2989,42.49,223,298,27793,186,1
2014/08/21,12:52:50,420EA994,-66,1,109,20,2864,41.70,223,327,12457,13148,1
2014/08/21,12:52:51,42B4744E,-37,1,142,20,3142,42.69,221,976,436,12479,1
2014/08/21,12:52:54,4245BE7B,-38,1,135,20,2975,41.71,216,984,647,4326,1
2014/08/21,12:52:55,420EA994,-58,1,110,20,2864,41.70,223,327,12457,13191,1
2014/08/21,12:52:56,42DEB6AA,-59,2,249,20,3087,41.61,222,284,8986,25503,1
2014/08/21,12:52:56,42FE2C58,-36,1,143,20,2659,38.30,235,826,857,31835,1
2014/08/21,12:52:56,42DEB6AA,-51,1,250,20,3087,41.61,222,320,8986,25588,1
2014/08/21,12:52:57,42AA57D9,-56,1,212,20,3142,41.48,223,281,3060,45484,1
2014/08/21,12:53:00,420EA994,-63,1,111,20,2864,41.70,223,329,12457,13246,1
2014/08/21,12:53:00,427CF4E4,-47,1,87,20,2812,42.22,222,365,6855,64780,1
2014/08/21,12:53:02,427CF4E4,-47,2,88,20,2812,42.22,222,365,6856,64820,1
2014/08/21,12:53:05,420EA994,-57,1,112,20,2864,41.70,223,330,12457,13292,1
2014/08/21,12:53:08,42B4744E,-44,1,143,20,3142,42.70,221,978,436,12678,1
2014/08/21,12:53:10,420EA994,-68,1,113,20,2864,41.68,223,331,12457,13349,1
2014/08/21,12:53:14,420EA994,-57,1,114,20,2864,41.70,223,332,12457,13405,1
2014/08/21,12:53:19,420EA994,-67,1,115,20,2864,41.68,223,333,12457,13457,1
2014/08/21,12:53:24,42B4744E,-37,1,144,20,3142,42.67,221,978,436,12862,1
2014/08/21,12:53:24,420EA994,-64,1,116,20,2864,41.68,223,333,12457,13512,1
2014/08/21,12:53:29,420EA994,-61,1,117,20,2864,41.68,223,333,12457,13566,1
2014/08/21,12:53:34,420EA994,-59,1,118,20,2864,41.70,223,335,12457,13625,1
2014/08/21,12:53:39,420EA994,-61,1,119,20,2864,41.68,223,336,12457,13671,1
2014/08/21,12:53:40,42B4744E,-38,1,145,20,3142,42.62,221,978,436,13050,1
2014/08/21,12:53:42,42081734,-67,1,17,20,2985,42.49,223,308,27799,2561,1
2014/08/21,12:53:44,42081734,-65,2,18,20,2985,42.49,223,308,27799,2694,1
2014/08/21,12:53:44,420EA994,-61,1,120,20,2864,41.70,223,336,12457,13735,1
2014/08/21,12:53:47,42A8501C,-44,1,24,20,3150,37.59,238,612,2344,52037,1
2014/08/21,12:53:49,420EA994,-63,1,121,20,2864,41.70,223,337,12457,13788,1
2014/08/21,12:53:54,42FE2C58,-35,1,144,20,2659,38.17,235,839,857,32694,1
2014/08/21,12:53:54,42DEB6AA,-54,1,251,20,3087,41.60,222,328,8989,27163,1
2014/08/21,12:53:54,420EA994,-60,1,122,20,2864,41.70,223,338,12457,13843,1
2014/08/21,12:53:56,42AA57D9,-57,1,213,20,3142,41.48,223,288,3060,46233,1
2014/08/21,12:53:56,42DEB6AA,-51,2,252,20,3087,41.60,222,328,8990,27214,1
2014/08/21,12:53:57,42B4744E,-42,1,146,20,3142,42.52,221,980,436,13253,1
2014/08/21,12:53:59,4245BE7B,-37,1,136,20,2975,41.66,216,987,647,5073,1
2014/08/21,12:53:59,420EA994,-60,1,123,20,2864,41.68,223,339,12457,13899,1
2014/08/21,12:54:00,427CF4E4,-47,1,89,20,2812,42.20,222,384,6857,191,1
2014/08/21,12:54:01,427CF4E4,-48,2,90,20,2812,42.20,222,384,6858,232,1
2014/08/21,12:54:04,420EA994,-61,1,124,20,2864,41.70,223,340,12457,13948,1
2014/08/21,12:54:08,42AA57D9,-61,2,214,20,3142,41.48,223,288,3061,46456,1
2014/08/21,12:54:09,420EA994,-61,1,125,20,2864,41.70,223,341,12457,13998,1
2014/08/21,12:54:13,42B4744E,-38,1,147,20,3142,42.54,220,980,436,13443,1
2014/08/21,12:54:14,420EA994,-59,1,126,20,2864,41.70,223,342,12457,14061,1
2014/08/21,12:54:17,42AA57D9,-57,2,215,20,3142,41.48,223,288,3062,46809,1
2014/08/21,12:54:19,420EA994,-56,1,127,20,2864,41.70,223,342,12457,14119,1
2014/08/21,12:54:24,420EA994,-59,1,128,20,2864,41.70,223,342,12457,14160,1
2014/08/21,12:54:29,420EA994,-58,1,129,20,2864,41.70,223,342,12457,14227,1
2014/08/21,12:54:29,42B4744E,-37,1,148,20,3142,42.62,220,982,436,13639,1
2014/08/21,12:54:34,420EA994,-56,1,130,20,2864,41.70,223,341,12457,14287,1
2014/08/21,12:54:42,42081734,-57,1,19,20,2989,42.47,223,318,27808,5576,1
2014/08/21,12:54:43,42081734,-55,2,20,20,2989,42.47,223,318,27808,5616,1
2014/08/21,12:54:44,420EA994,-60,1,132,20,2864,41.70,223,345,12457,14417,1
2014/08/21,12:54:46,42B4744E,-37,1,149,20,3142,42.64,220,983,436,13871,1
2014/08/21,12:54:48,42A8501C,-39,1,25,20,3150,37.59,239,631,2344,53099,1
2014/08/21,12:54:49,420EA994,-62,1,133,20,2864,41.68,223,344,12457,14481,1
2014/08/21,12:54:51,42DEB6AA,-49,2,253,20,3087,41.60,222,328,8993,28747,1
2014/08/21,12:54:52,42FE2C58,-46,1,145,20,2659,38.69,234,857,857,33636,1
2014/08/21,12:54:52,42DEB6AA,-49,1,254,20,3087,41.60,222,337,8993,28855,1
2014/08/21,12:54:54,420EA994,-67,1,134,20,2864,41.68,223,346,12457,14539,1
2014/08/21,12:54:55,42AA57D9,-63,1,216,20,3142,41.46,223,296,3062,47540,1
2014/08/21,12:54:59,427CF4E4,-47,1,91,20,2812,42.18,222,384,6859,1132,1
2014/08/21,12:54:59,420EA994,-68,1,135,20,2864,41.68,223,347,12457,14595,1
2014/08/21,12:55:00,427CF4E4,-47,2,92,20,2812,42.18,222,384,6860,1178,1
2014/08/21,12:55:02,42B4744E,-42,1,150,20,3142,42.69,220,984,436,14035,1
2014/08/21,12:55:03,4245BE7B,-37,1,137,20,2975,41.64,216,992,647,5857,1
2014/08/21,12:55:04,420EA994,-66,1,136,20,2863,41.68,223,347,12457,14644,1
2014/08/21,12:55:05,4245BE7B,-37,2,138,20,2975,41.64,216,992,648,5886,1
2014/08/21,12:55:07,4245BE7B,-38,2,139,20,2975,41.64,216,992,649,6075,1
2014/08/21,12:55:09,420EA994,-67,1,137,20,2864,41.68,223,348,12457,14712,1
2014/08/21,12:55:18,42B4744E,-37,1,151,20,3142,42.67,220,985,436,14233,1
2014/08/21,12:55:19,420EA994,-60,1,139,20,2864,41.68,223,351,12457,14836,1
2014/08/21,12:55:24,420EA994,-61,1,140,20,2864,41.68,223,352,12457,14873,1
2014/08/21,12:55:29,420EA994,-58,1,141,20,2864,41.68,223,354,12457,14939,1
2014/08/21,12:55:34,420EA994,-59,1,142,20,2864,41.66,223,355,12457,14983,1
2014/08/21,12:55:35,42B4744E,-37,1,152,20,3142,42.62,220,986,436,14407,1
2014/08/21,12:55:37,42DEB6AA,-52,2,255,20,3087,41.60,222,337,8994,29675,1
2014/08/21,12:55:39,420EA994,-61,1,143,20,2864,41.68,223,357,12457,15046,1
2014/08/21,12:55:41,42081734,-57,1,21,20,2989,42.46,223,331,27814,8084,1
2014/08/21,12:55:44,420EA994,-65,1,144,20,2864,41.66,223,358,12457,15102,1
2014/08/21,12:55:48,42A8501C,-39,1,26,20,3150,37.53,239,660,2344,54166,1
2014/08/21,12:55:49,42081734,-71,2,22,20,2989,42.46,223,331,27815,8249,1
2014/08/21,12:55:49,420EA994,-64,1,145,20,2864,41.68,223,359,12457,15167,1
2014/08/21,12:55:49,42A8501C,-39,2,27,20,3150,37.53,239,660,2345,54219,1
2014/08/21,12:55:50,42DEB6AA,-50,1,0,20,3087,41.58,222,351,8994,30077,1
2014/08/21,12:55:51,42FE2C58,-36,1,146,20,2659,38.74,234,884,857,34456,1
2014/08/21,12:55:51,42B4744E,-37,1,153,20,3142,42.74,220,988,436,14588,1
2014/08/21,12:55:52,42AA57D9,-61,2,217,20,3142,41.46,223,296,3063,48312,1
2014/08/21,12:55:53,42A8501C,-39,2,28,20,3150,37.53,239,660,2346,54495,1
2014/08/21,12:55:54,42AA57D9,-59,1,218,20,3142,41.46,223,309,3063,48429,1
2014/08/21,12:55:54,420EA994,-62,1,146,20,2864,41.68,223,360,12457,15236,1
2014/08/21,12:55:58,427CF4E4,-46,1,93,20,2812,42.18,222,398,6861,2068,1
2014/08/21,12:55:59,420EA994,-65,1,147,20,2864,41.66,223,362,12457,15288,1
2014/08/21,12:56:00,427CF4E4,-47,2,94,20,2812,42.18,222,398,6862,2106,1
2014/08/21,12:56:04,420EA994,-61,1,148,20,2864,41.66,223,363,12457,15336,1
2014/08/21,12:56:08,42B4744E,-37,1,154,20,3142,42.69,220,988,436,14790,1
2014/08/21,12:56:08,4245BE7B,-38,1,140,20,2975,41.61,216,996,649,7085,1
2014/08/21,12:56:09,420EA994,-63,1,149,20,2864,41.68,223,364,12457,15382,1
2014/08/21,12:56:14,420EA994,-61,1,150,20,2863,41.66,223,365,12457,15439,1
2014/08/21,12:56:19,420EA994,-63,1,151,20,2864,41.66,223,367,12457,15502,1
2014/08/21,12:56:24,42B4744E,-38,1,155,20,3142,42.54,220,990,436,14968,1
2014/08/21,12:56:24,420EA994,-63,1,152,20,2864,41.66,223,367,12457,15553,1
2014/08/21,12:56:25,42A8501C,-41,2,29,20,3150,37.53,239,660,2347,55385,1
2014/08/21,12:56:29,420EA994,-60,1,153,20,2864,41.66,223,368,12457,15626,1
2014/08/21,12:56:34,420EA994,-63,1,154,20,2864,41.66,223,369,12457,15677,1
2014/08/21,12:56:39,420EA994,-61,1,155,20,2864,41.66,223,370,12457,15748,1
2014/08/21,12:56:40,42A8501C,-40,2,30,20,3150,37.53,239,660,2348,55875,1
2014/08/21,12:56:40,42B4744E,-37,1,156,20,3142,42.60,219,990,436,15156,1
2014/08/21,12:56:41,42081734,-57,1,23,20,2989,42.44,223,345,27822,10869,1
2014/08/21,12:56:44,420EA994,-58,1,156,20,2864,41.66,223,370,12457,15804,1
2014/08/21,12:56:48,42A8501C,-39,1,31,20,3150,37.42,237,692,2348,56219,1
2014/08/21,12:56:48,42DEB6AA,-52,1,1,20,3087,41.56,222,361,8996,31353,1
2014/08/21,12:56:49,42FE2C58,-37,1,147,20,2659,38.67,233,910,857,35244,1
2014/08/21,12:56:49,420EA994,-66,1,157,20,2864,41.66,223,370,12457,15872,1
2014/08/21,12:56:50,42DEB6AA,-53,2,2,20,3087,41.56,222,361,8997,31413,1
2014/08/21,12:56:53,42AA57D9,-55,1,220,20,3142,41.44,223,321,3064,49606,1
2014/08/21,12:56:54,420EA994,-57,1,158,20,2864,41.64,223,370,12457,15935,1
2014/08/21,12:56:57,42B4744E,-37,1,157,20,3142,42.70,219,992,436,15329,1
2014/08/21,12:56:58,427CF4E4,-48,1,95,20,2812,42.15,222,406,6864,3237,1
2014/08/21,12:56:59,420EA994,-57,1,159,20,2864,41.64,223,372,12457,16001,1
2014/08/21,12:56:59,427CF4E4,-48,2,96,20,2812,42.15,222,406,6865,3281,1
2014/08/21,12:57:04,420EA994,-69,1,160,20,2864,41.64,223,372,12457,16048,1
2014/08/21,12:57:09,420EA994,-61,1,161,20,2864,41.64,223,372,12457,16105,1
2014/08/21,12:57:12,4245BE7B,-37,1,141,20,2975,41.58,215,1000,649,7810,1
2014/08/21,12:57:13,42B4744E,-45,1,158,20,3142,42.79,219,994,436,15536,1
2014/08/21,12:57:14,4245BE7B,-37,2,142,20,2975,41.58,215,1000,650,7837,1
2014/08/21,12:57:14,420EA994,-60,1,162,20,2863,41.64,223,373,12457,16162,1
2014/08/21,12:57:16,4245BE7B,-44,2,143,20,2975,41.58,215,1000,651,8020,1
2014/08/21,12:57:19,420EA994,-60,1,163,20,2864,41.64,223,374,12457,16208,1
2014/08/21,12:57:24,420EA994,-62,1,164,20,2864,41.63,223,375,12457,16260,1
2014/08/21,12:57:29,420EA994,-59,1,165,20,2864,41.64,223,377,12457,16310,1
2014/08/21,12:57:29,42B4744E,-38,1,159,20,3142,42.82,219,994,436,15713,1
2014/08/21,12:57:34,420EA994,-62,1,166,20,2864,41.64,223,378,12457,16361,1
2014/08/21,12:57:39,420EA994,-58,1,167,20,2864,41.63,223,379,12457,16436,1
2014/08/21,12:57:40,42081734,-54,1,25,20,2989,42.44,223,357,27827,13169,1
2014/08/21,12:57:44,420EA994,-63,1,168,20,2864,41.64,223,380,12457,16497,1
2014/08/21,12:57:46,42B4744E,-38,1,160,20,3142,42.82,219,996,436,15885,1
2014/08/21,12:57:46,42DEB6AA,-52,1,3,20,3087,41.51,222,370,8999,32937,1
2014/08/21,12:57:47,42FE2C58,-38,1,148,20,2659,38.83,232,934,857,36043,1
2014/08/21,12:57:48,42081734,-63,2,26,20,2989,42.44,223,357,27828,13322,1
2014/08/21,12:57:48,42A8501C,-39,1,32,20,3150,37.62,235,742,2348,57318,1
2014/08/21,12:57:49,420EA994,-68,1,169,20,2864,41.64,223,381,12457,16544,1
2014/08/21,12:57:52,42AA57D9,-65,1,221,20,3142,41.42,224,332,3064,50416,1
2014/08/21,12:57:54,420EA994,-58,1,170,20,2864,41.63,223,382,12457,16607,1
2014/08/21,12:57:57,427CF4E4,-48,1,97,20,2812,42.14,222,415,6866,4089,1
2014/08/21,12:57:57,42DEB6AA,-50,2,4,20,3087,41.51,222,370,9000,33162,1
2014/08/21,12:57:58,427CF4E4,-56,2,98,20,2812,42.14,222,415,6867,4134,1
2014/08/21,12:57:59,420EA994,-70,1,171,20,2864,41.63,223,382,12457,16660,1
2014/08/21,12:58:02,42B4744E,-37,1,161,20,3142,42.88,219,996,436,16090,1
2014/08/21,12:58:02,420EA994,-53,2,172,20,2864,41.63,223,382,12458,16803,1
2014/08/21,12:58:02,42AA57D9,-55,2,222,20,3142,41.42,224,332,3065,50647,1
2014/08/21,12:58:04,420EA994,-53,1,173,20,2858,41.64,223,386,12458,16968,1
2014/08/21,12:58:09,420EA994,-54,1,174,20,2863,41.63,223,388,12458,17144,1
2014/08/21,12:58:14,420EA994,-60,1,175,20,2864,41.63,223,388,12458,17201,1
2014/08/21,12:58:17,4245BE7B,-45,1,144,20,2975,41.64,215,1004,651,9004,1
2014/08/21,12:58:18,42B4744E,-38,1,162,20,3142,42.91,220,998,436,16280,1
2014/08/21,12:58:19,420EA994,-54,1,176,20,2864,41.63,223,390,12458,17288,1
2014/08/21,12:58:22,42A8501C,-39,2,33,20,3150,37.62,235,742,2349,57917,1
2014/08/21,12:58:24,420EA994,-53,1,177,20,2863,41.64,223,391,12458,17351,1
2014/08/21,12:58:29,420EA994,-56,1,178,20,2864,41.63,223,392,12458,17411,1
2014/08/21,12:58:29,42DEB6AA,-54,2,5,20,3087,41.51,222,370,9002,34167,1
2014/08/21,12:58:34,420EA994,-54,1,179,20,2864,41.64,223,393,12458,17468,1
2014/08/21,12:58:35,42B4744E,-38,1,163,20,3142,42.91,220,1000,436,16476,1
2014/08/21,12:58:39,42FE2C58,-38,2,149,20,2659,38.83,232,934,858,36842,1
2014/08/21,12:58:39,420EA994,-54,1,180,20,2864,41.64,223,395,12458,17515,1
2014/08/21,12:58:40,42081734,-54,1,27,20,2987,42.44,223,377,27834,15676,1
2014/08/21,12:58:44,420EA994,-52,1,181,20,2864,41.66,223,396,12458,17576,1
2014/08/21,12:58:44,42DEB6AA,-54,1,6,20,3087,41.56,222,395,9002,34592,1
2014/08/21,12:58:45,42FE2C58,-38,1,150,20,2659,39.00,232,953,858,37121,1
2014/08/21,12:58:49,42A8501C,-39,1,34,20,3150,37.76,235,807,2349,58628,1
2014/08/21,12:58:51,42AA57D9,-55,1,223,20,3142,41.48,224,348,3065,51509,1
2014/08/21,12:58:51,42B4744E,-38,1,164,20,3142,42.88,221,1000,436,16708,1
2014/08/21,12:58:54,42081734,-60,2,28,20,2987,42.44,223,377,27835,16105,1
2014/08/21,12:58:54,420EA994,-56,1,183,20,2863,41.68,223,398,12458,17673,1
2014/08/21,12:58:56,427CF4E4,-47,1,99,20,2812,42.17,222,434,6868,5087,1
2014/08/21,12:58:58,427CF4E4,-47,2,100,20,2812,42.17,222,434,6869,5130,1
2014/08/21,12:58:59,420EA994,-54,1,184,20,2864,41.70,223,399,12458,17734,1
2014/08/21,12:59:04,420EA994,-52,1,185,20,2864,41.66,223,399,12458,17779,1
2014/08/21,12:59:07,42B4744E,-38,1,165,20,3142,42.84,221,1002,436,16877,1
2014/08/21,12:59:09,420EA994,-55,1,186,20,2863,41.68,223,400,12458,17823,1
2014/08/21,12:59:14,420EA994,-54,1,187,20,2864,41.66,223,399,12458,17883,1
2014/08/21,12:59:19,420EA994,-61,1,188,20,2864,41.63,223,399,12458,17931,1
2014/08/21,12:59:19,42A8501C,-41,2,35,20,3150,37.76,235,807,2350,59217,1
2014/08/21,12:59:21,4245BE7B,-38,1,145,20,2975,41.61,215,1008,651,9765,1
2014/08/21,12:59:24,42B4744E,-43,1,166,20,3142,42.84,221,1002,436,17065,1
2014/08/21,12:59:29,420EA994,-54,1,190,20,2864,41.61,223,392,12458,18033,1
2014/08/21,12:59:29,42AA57D9,-53,2,224,20,3142,41.48,224,348,3066,52050,1
2014/08/21,12:59:34,420EA994,-52,1,191,20,2864,41.60,223,387,12458,18099,1
2014/08/21,12:59:39,420EA994,-54,1,192,20,2864,41.60,224,383,12458,18144,1
2014/08/21,12:59:39,42081734,-52,1,29,20,2989,42.37,223,367,27839,18047,1
2014/08/21,12:59:40,42B4744E,-38,1,167,20,3142,42.70,221,1004,436,17252,1
2014/08/21,12:59:42,42DEB6AA,-51,1,7,20,3087,41.51,222,387,9007,36507,1
2014/08/21,12:59:44,420EA994,-61,1,193,20,2864,41.60,224,381,12458,18219,1
2014/08/21,12:59:44,42FE2C58,-38,1,151,20,2659,38.90,233,966,858,38007,1
2014/08/21,12:59:49,420EA994,-50,1,194,20,2864,41.58,224,379,12458,18279,1
2014/08/21,12:59:49,42A8501C,-40,1,36,20,3150,37.73,236,877,2350,59901,1
2014/08/21,12:59:50,42AA57D9,-50,1,225,20,3142,41.41,224,335,3066,52558,1
2014/08/21,12:59:54,420EA994,-60,1,195,20,2864,41.58,224,377,12458,18342,1
2014/08/21,12:59:55,427CF4E4,-46,1,101,20,2812,42.07,222,409,6870,6050,1
2014/08/21,12:59:56,42B4744E,-38,1,168,20,3142,42.66,220,1004,436,17446,1
2014/08/21,12:59:57,427CF4E4,-47,2,102,20,2812,42.07,222,409,6871,6090,1
2014/08/21,12:59:59,420EA994,-51,1,196,20,2864,41.60,224,374,12458,18410,1
2014/08/21,13:00:04,420EA994,-58,1,197,20,2864,41.60,224,372,12458,18469,1
2014/08/21,13:00:09,420EA994,-51,1,198,20,2864,41.60,224,368,12458,18526,1
2014/08/21,13:00:13,42B4744E,-38,1,169,20,3142,42.70,220,1006,436,17630,1
2014/08/21,13:00:14,420EA994,-58,1,199,20,2864,41.61,224,367,12458,18572,1
2014/08/21,13:00:19,420EA994,-52,1,200,20,2864,41.61,224,364,12458,18628,1
2014/08/21,13:00:24,420EA994,-52,1,201,20,2863,41.61,224,360,12458,18692,1
2014/08/21,13:00:25,4245BE7B,-38,1,146,20,2975,41.58,215,1012,651,10538,1
2014/08/21,13:00:29,420EA994,-53,1,202,20,2864,41.63,224,361,12458,18746,1
2014/08/21,13:00:29,42B4744E,-38,1,170,20,3142,42.74,220,1006,436,17799,1
2014/08/21,13:00:34,420EA994,-53,1,203,20,2864,41.61,224,360,12458,18800,1
2014/08/21,13:00:39,420EA994,-53,1,204,20,2863,41.61,224,359,12458,18861,1
2014/08/21,13:00:39,42081734,-57,1,31,20,2989,42.40,224,339,27846,20699,1
2014/08/21,13:00:41,42DEB6AA,-55,1,9,20,3087,41.53,222,357,9009,37869,1
2014/08/21,13:00:42,42FE2C58,-38,1,152,20,2659,38.95,233,976,858,38873,1
2014/08/21,13:00:44,420EA994,-53,1,205,20,2864,41.63,224,357,12458,18899,1
2014/08/21,13:00:44,42AA57D9,-53,2,226,20,3142,41.41,224,335,3067,53352,1
2014/08/21,13:00:45,42B4744E,-38,1,171,20,3142,42.74,220,1008,436,17984,1
2014/08/21,13:00:49,420EA994,-53,1,206,20,2864,41.63,224,355,12458,18952,1
2014/08/21,13:00:49,42AA57D9,-60,1,227,20,3142,41.41,224,311,3067,53640,1
2014/08/21,13:00:49,42A8501C,-40,1,37,20,3150,37.73,236,943,2350,61000,1
2014/08/21,13:00:52,42081734,-52,2,32,20,2989,42.40,224,339,27847,21005,1
2014/08/21,13:00:54,420EA994,-53,1,207,20,2864,41.61,224,355,12458,19023,1
2014/08/21,13:00:55,427CF4E4,-48,1,103,20,2812,42.12,223,385,6873,7212,1
2014/08/21,13:00:56,427CF4E4,-54,2,104,20,2812,42.12,223,385,6874,7253,1
2014/08/21,13:00:59,420EA994,-52,1,208,20,2864,41.63,224,351,12458,19085,1
2014/08/21,13:01:00,42A8501C,-41,2,38,20,3150,37.73,236,943,2351,61202,1
2014/08/21,13:01:02,42B4744E,-38,1,172,20,3142,42.66,220,1008,436,18153,1
2014/08/21,13:01:04,420EA994,-53,1,209,20,2864,41.61,224,350,12458,19147,1
2014/08/21,13:01:08,420EA994,-53,1,210,20,2864,41.61,224,349,12458,19204,1
2014/08/21,13:01:09,42DEB6AA,-53,2,10,20,3087,41.53,222,357,9010,38329,1
2014/08/21,13:01:13,420EA994,-53,1,211,20,2864,41.61,224,348,12458,19257,1
2014/08/21,13:01:18,42B4744E,-38,1,173,20,3142,42.66,220,1010,436,18374,1
2014/08/21,13:01:18,420EA994,-53,1,212,20,2864,41.61,224,347,12458,19328,1
2014/08/21,13:01:23,420EA994,-53,1,213,20,2864,41.61,224,346,12458,19371,1
2014/08/21,13:01:24,42FE2C58,-38,2,153,20,2659,38.95,233,976,859,39547,1
2014/08/21,13:01:28,420EA994,-52,1,214,20,2864,41.61,224,345,12458,19431,1
2014/08/21,13:01:30,4245BE7B,-38,1,147,20,2975,41.56,216,1014,651,11242,1
2014/08/21,13:01:31,42DEB6AA,-61,2,11,20,3087,41.53,222,357,9011,38852,1
2014/08/21,13:01:33,420EA994,-53,1,215,20,2864,41.61,224,345,12458,19491,1
2014/08/21,13:01:34,42A8501C,-40,2,39,20,3150,37.73,236,943,2352,62017,1
2014/08/21,13:01:35,42B4744E,-38,1,174,20,3142,42.70,220,1010,436,18572,1
2014/08/21,13:01:37,42081734,-52,2,33,20,2989,42.40,224,339,27852,22922,1
2014/08/21,13:01:38,420EA994,-51,1,216,20,2863,41.61,224,344,12458,19550,1
2014/08/21,13:01:39,42081734,-52,1,34,20,2986,42.39,224,321,27852,23013,1
2014/08/21,13:01:39,42DEB6AA,-56,1,12,20,3087,41.51,222,342,9011,39183,1
2014/08/21,13:01:40,42FE2C58,-38,1,154,20,2659,38.92,233,982,859,39943,1
2014/08/21,13:01:43,420EA994,-55,1,217,20,2864,41.63,224,345,12458,19600,1
2014/08/21,13:01:48,42AA57D9,-53,1,228,20,3142,41.41,224,299,3067,54388,1
2014/08/21,13:01:48,420EA994,-51,1,218,20,2864,41.61,224,345,12458,19656,1
2014/08/21,13:01:50,42A8501C,-48,1,40,20,3150,37.67,237,948,2352,62507,1
2014/08/21,13:01:51,42B4744E,-47,1,175,20,3142,42.60,220,1010,436,18774,1
2014/08/21,13:01:53,420EA994,-59,1,219,20,2864,41.61,224,345,12458,19716,1
2014/08/21,13:01:54,427CF4E4,-50,1,105,20,2812,42.08,223,383,6875,8090,1
2014/08/21,13:01:56,427CF4E4,-49,2,106,20,2812,42.08,223,383,6876,8135,1
2014/08/21,13:01:58,420EA994,-52,1,220,20,2864,41.60,224,348,12458,19764,1
2014/08/21,13:02:03,420EA994,-52,1,221,20,2863,41.61,224,348,12458,19827,1
2014/08/21,13:02:04,42AA57D9,-52,2,229,20,3142,41.41,224,299,3068,54679,1
2014/08/21,13:02:05,420EA994,-51,2,222,20,2863,41.61,224,348,12459,20005,1
2014/08/21,13:02:07,42B4744E,-38,1,176,20,3142,42.56,220,1010,436,18953,1
2014/08/21,13:02:07,420EA994,-59,2,223,20,2863,41.61,224,348,12460,20191,1
2014/08/21,13:02:08,420EA994,-50,1,224,20,2857,41.61,224,349,12460,20304,1
2014/08/21,13:02:10,420EA994,-51,2,225,20,2857,41.61,224,349,12460,20442,1
2014/08/21,13:02:13,420EA994,-58,1,226,20,2861,41.60,224,365,12461,20733,1
2014/08/21,13:02:18,420EA994,-56,1,227,20,2863,41.61,224,359,12461,20794,1
2014/08/21,13:02:23,420EA994,-69,1,228,20,2863,41.61,224,359,12461,20839,1
2014/08/21,13:02:24,42B4744E,-37,1,177,20,3142,42.62,220,1008,436,19131,1
2014/08/21,13:02:26,42AA57D9,-76,2,230,20,3142,41.41,224,299,3069,55279,1
2014/08/21,13:02:28,420EA994,-62,1,229,20,2864,41.61,224,354,12461,20888,1
2014/08/21,13:02:33,420EA994,-71,1,230,20,2863,41.60,224,362,12461,20960,1
2014/08/21,13:02:34,4245BE7B,-45,1,148,20,2975,41.54,216,1012,651,12050,1
2014/08/21,13:02:37,42DEB6AA,-59,1,13,20,3087,41.51,222,361,9017,41511,1
2014/08/21,13:02:38,42081734,-59,1,35,20,2989,42.37,224,336,27859,25805,1
2014/08/21,13:02:38,42DEB6AA,-53,2,14,20,3087,41.51,222,361,9018,41539,1
2014/08/21,13:02:38,420EA994,-63,1,231,20,2864,41.60,224,363,12461,21027,1
2014/08/21,13:02:39,42FE2C58,-37,1,155,20,2659,38.90,233,976,859,40801,1
2014/08/21,13:02:40,42B4744E,-41,1,178,20,3142,42.66,220,1008,436,19342,1
2014/08/21,13:02:40,42081734,-65,2,36,20,2989,42.37,224,336,27860,25871,1
2014/08/21,13:02:43,420EA994,-63,1,232,20,2864,41.60,224,363,12461,21080,1
2014/08/21,13:02:47,42AA57D9,-60,1,231,20,3142,41.39,224,311,3069,55800,1
2014/08/21,13:02:48,42A8501C,-39,2,41,20,3150,37.67,237,948,2353,63579,1
2014/08/21,13:02:48,420EA994,-63,1,233,20,2864,41.60,224,367,12461,21138,1
2014/08/21,13:02:50,42A8501C,-40,1,42,20,3147,37.62,236,884,2353,63711,1
2014/08/21,13:02:55,427CF4E4,-52,2,108,20,2812,42.10,223,407,6879,9369,1
2014/08/21,13:02:56,42B4744E,-38,1,179,20,3142,42.60,220,1006,436,19510,1
2014/08/21,13:02:58,420EA994,-73,1,235,20,2863,41.58,224,369,12461,21255,1
2014/08/21,13:03:03,420EA994,-68,1,236,20,2864,41.58,224,367,12461,21324,1
2014/08/21,13:03:08,420EA994,-68,1,237,20,2864,41.58,224,368,12461,21376,1
2014/08/21,13:03:13,42B4744E,-37,1,180,20,3142,42.47,220,1004,436,19709,1
2014/08/21,13:03:13,420EA994,-76,1,238,20,2864,41.58,224,370,12461,21438,1
2014/08/21,13:03:18,420EA994,-69,1,239,20,2864,41.60,224,367,12461,21477,1
2014/08/21,13:03:20,42DEB6AA,-51,2,15,20,3087,41.51,222,361,9021,42708,1
2014/08/21,13:03:23,420EA994,-69,1,240,20,2864,41.58,224,367,12461,21555,1
2014/08/21,13:03:28,420EA994,-68,1,241,20,2864,41.58,224,368,12461,21605,1
2014/08/21,13:03:29,42B4744E,-37,1,181,20,3142,42.46,220,1004,436,19881,1
2014/08/21,13:03:33,420EA994,-68,1,242,20,2864,41.58,224,363,12461,21663,1
2014/08/21,13:03:35,42DEB6AA,-50,1,16,20,3087,41.48,222,358,9021,43185,1
2014/08/21,13:03:37,42FE2C58,-37,1,156,20,2659,38.74,232,962,859,41577,1
2014/08/21,13:03:38,42081734,-65,1,37,20,2989,42.35,224,337,27866,28426,1
2014/08/21,13:03:38,420EA994,-70,1,243,20,2864,41.56,224,364,12461,21705,1
2014/08/21,13:03:39,4245BE7B,-46,1,149,20,2975,41.44,215,1008,651,12814,1
2014/08/21,13:03:43,420EA994,-67,1,244,20,2864,41.56,224,361,12461,21762,1
2014/08/21,13:03:45,42081734,-64,2,38,20,2989,42.35,224,337,27867,28593,1
2014/08/21,13:03:45,42B4744E,-43,1,182,20,3142,42.40,220,1002,436,20072,1
2014/08/21,13:03:46,42AA57D9,-62,1,232,20,3142,41.38,224,307,3069,56624,1
2014/08/21,13:03:48,420EA994,-67,1,245,20,2864,41.56,224,363,12461,21838,1
2014/08/21,13:03:50,42A8501C,-39,1,43,20,3150,37.53,236,790,2353,64862,1
2014/08/21,13:03:53,427CF4E4,-53,1,109,20,2812,42.07,223,404,6880,10258,1
2014/08/21,13:03:53,420EA994,-68,1,246,20,2864,41.56,224,365,12461,21885,1
2014/08/21,13:03:54,427CF4E4,-51,2,110,20,2812,42.07,223,404,6881,10298,1
2014/08/21,13:03:58,420EA994,-68,1,247,20,2864,41.56,224,364,12461,21959,1
2014/08/21,13:04:02,42B4744E,-37,1,183,20,3142,42.35,219,1001,436,20263,1
2014/08/21,13:04:03,420EA994,-75,1,248,20,2864,41.56,224,364,12461,22014,1
2014/08/21,13:04:09,42A8501C,-47,2,44,20,3150,37.53,236,790,2354,65226,1
2014/08/21,13:04:13,420EA994,-69,1,250,20,2864,41.54,224,369,12461,22106,1
2014/08/21,13:04:18,42B4744E,-38,1,184,20,3142,42.50,219,1000,436,20431,1
2014/08/21,13:04:18,420EA994,-66,1,251,20,2864,41.54,224,369,12461,22173,1
2014/08/21,13:04:28,420EA994,-74,1,253,20,2864,41.56,224,373,12461,22276,1
2014/08/21,13:04:33,42DEB6AA,-49,1,17,20,3087,41.46,222,367,9022,44251,1
2014/08/21,13:04:33,420EA994,-79,1,254,20,2863,41.56,224,370,12461,22331,1
2014/08/21,13:04:34,42B4744E,-37,1,185,20,3142,42.49,219,1000,436,20643,1
2014/08/21,13:04:35,42FE2C58,-37,1,157,20,2659,38.78,232,952,859,42445,1
2014/08/21,13:04:37,42081734,-73,1,39,20,2989,42.34,224,346,27872,30726,1
2014/08/21,13:04:38,420EA994,-79,1,255,20,2863,41.56,224,372,12461,22382,1
2014/08/21,13:04:39,42081734,-71,2,40,20,2989,42.34,224,346,27873,30791,1
2014/08/21,13:04:43,420EA994,-80,1,0,20,2863,41.56,224,377,12461,22438,1
2014/08/21,13:04:43,4245BE7B,-38,1,150,20,2975,41.39,215,1006,651,13606,1
2014/08/21,13:04:45,42AA57D9,-66,1,233,20,3142,41.38,224,328,3069,57444,1
2014/08/21,13:04:48,420EA994,-85,1,1,20,2864,41.56,224,381,12461,22484,1
2014/08/21,13:04:51,42A8501C,-40,1,45,20,3150,37.62,237,773,2354,665,1
2014/08/21,13:04:51,42B4744E,-38,1,186,20,3142,42.44,219,1000,436,20863,1
2014/08/21,13:04:52,427CF4E4,-52,1,111,20,2812,42.08,223,411,6882,11185,1
2014/08/21,13:04:53,427CF4E4,-48,2,112,20,2812,42.08,223,411,6883,11228,1
2014/08/21,13:04:58,420EA994,-88,1,3,20,2863,41.58,224,373,12461,22598,1
2014/08/21,13:05:03,420EA994,-80,1,4,20,2863,41.56,224,378,12461,22648,1
2014/08/21,13:05:07,42B4744E,-44,1,187,20,3142,42.57,220,1000,436,21064,1
2014/08/21,13:05:08,420EA994,-85,1,5,20,2864,41.54,224,379,12461,22701,1
2014/08/21,13:05:13,420EA994,-82,1,6,20,2864,41.56,224,375,12461,22745,1
2014/08/21,13:05:18,420EA994,-79,1,7,20,2863,41.56,224,370,12461,22803,1
2014/08/21,13:05:19,42DEB6AA,-49,2,18,20,3087,41.46,222,367,9023,44930,1
2014/08/21,13:05:23,420EA994,-81,1,8,20,2863,41.54,224,366,12461,22852,1
2014/08/21,13:05:23,42B4744E,-37,1,188,20,3142,42.52,221,1000,436,21242,1
2014/08/21,13:05:28,420EA994,-83,1,9,20,2863,41.54,224,364,12461,22906,1
2014/08/21,13:05:31,42DEB6AA,-50,1,19,20,3087,41.46,222,359,9023,45317,1
2014/08/21,13:05:32,42DEB6AA,-50,2,20,20,3087,41.46,222,359,9024,45380,1
2014/08/21,13:05:33,420EA994,-83,1,10,20,2864,41.53,224,363,12461,22959,1
2014/08/21,13:05:33,42FE2C58,-36,1,158,20,2659,38.74,233,948,859,43258,1
2014/08/21,13:05:37,42081734,-72,1,41,20,2989,42.32,224,340,27880,33465,1
2014/08/21,13:05:38,420EA994,-78,1,11,20,2864,41.54,224,361,12461,23016,1
2014/08/21,13:05:40,42B4744E,-37,1,189,20,3142,42.47,221,1000,436,21439,1
2014/08/21,13:05:43,420EA994,-78,1,12,20,2864,41.51,224,361,12461,23067,1
2014/08/21,13:05:43,42A8501C,-41,2,46,20,3150,37.62,237,773,2355,1617,1
2014/08/21,13:05:44,42AA57D9,-64,1,234,20,3142,41.34,224,313,3069,58298,1
2014/08/21,13:05:48,4245BE7B,-38,1,151,20,2975,41.41,216,1004,651,14322,1
2014/08/21,13:05:48,42081734,-71,2,42,20,2989,42.32,224,340,27881,33831,1
2014/08/21,13:05:48,420EA994,-81,1,13,20,2864,41.53,224,360,12461,23114,1
2014/08/21,13:05:51,42A8501C,-40,1,47,20,3150,37.53,239,759,2355,1947,1
2014/08/21,13:05:51,427CF4E4,-53,1,113,20,2812,42.03,223,394,6884,12120,1
2014/08/21,13:05:52,42FE2C58,-37,2,159,20,2659,38.74,233,948,860,43601,1
2014/08/21,13:05:53,427CF4E4,-49,2,114,20,2812,42.03,223,394,6885,12160,1
2014/08/21,13:05:53,420EA994,-77,1,14,20,2864,41.53,224,361,12461,23172,1
2014/08/21,13:05:56,42B4744E,-37,1,190,20,3142,42.52,221,1000,436,21631,1
2014/08/21,13:05:58,420EA994,-74,1,15,20,2864,41.53,224,362,12461,23227,1
2014/08/21,13:06:03,420EA994,-76,1,16,20,2864,41.53,224,366,12461,23269,1
2014/08/21,13:06:08,420EA994,-78,1,17,20,2864,41.53,224,365,12461,23326,1
2014/08/21,13:06:12,42B4744E,-38,1,191,20,3142,42.52,221,1000,436,21798,1
2014/08/21,13:06:13,420EA994,-73,1,18,20,2863,41.53,224,366,12461,23387,1
2014/08/21,13:06:23,420EA994,-85,1,20,20,2863,41.51,224,360,12461,23480,1
2014/08/21,13:06:26,42DEB6AA,-50,2,21,20,3087,41.46,222,359,9027,46816,1
2014/08/21,13:06:28,420EA994,-83,1,21,20,2864,41.51,224,361,12461,23535,1
2014/08/21,13:06:29,42DEB6AA,-50,1,22,20,3087,41.42,223,357,9027,46979,1
2014/08/21,13:06:29,42B4744E,-38,1,192,20,3142,42.59,221,1000,436,21988,1
2014/08/21,13:06:32,42FE2C58,-37,1,160,20,2659,38.85,234,952,860,44347,1
2014/08/21,13:06:33,420EA994,-71,1,22,20,2864,41.51,224,361,12461,23576,1
2014/08/21,13:06:36,42081734,-70,1,43,20,2989,42.30,224,340,27886,36030,1
2014/08/21,13:06:41,42081734,-70,2,44,20,2989,42.30,224,340,27887,36134,1
2014/08/21,13:06:43,42AA57D9,-66,1,235,20,3142,41.33,224,322,3069,59123,1
2014/08/21,13:06:43,420EA994,-72,1,24,20,2864,41.51,224,368,12461,23705,1
2014/08/21,13:06:45,42B4744E,-38,1,193,20,3142,42.52,221,1002,436,22174,1
2014/08/21,13:06:48,420EA994,-69,1,25,20,2864,41.49,224,372,12461,23759,1
2014/08/21,13:06:51,427CF4E4,-48,1,115,20,2812,42.02,223,410,6888,13583,1
2014/08/21,13:06:51,42A8501C,-39,1,48,20,3150,37.50,239,829,2355,3040,1
2014/08/21,13:06:52,4245BE7B,-38,1,152,20,2975,41.48,216,1008,651,15124,1
2014/08/21,13:06:52,427CF4E4,-47,2,116,20,2812,42.02,223,410,6889,13631,1
2014/08/21,13:06:53,420EA994,-71,1,26,20,2864,41.49,224,374,12461,23808,1
2014/08/21,13:06:56,42A8501C,-36,2,49,20,3150,37.50,239,829,2356,3129,1
2014/08/21,13:06:58,420EA994,-68,1,27,20,2864,41.49,224,370,12461,23855,1
2014/08/21,13:07:01,42B4744E,-38,1,194,20,3142,42.56,221,1004,436,22370,1
2014/08/21,13:07:03,420EA994,-59,1,28,20,2864,41.49,224,365,12461,23911,1
2014/08/21,13:07:08,420EA994,-58,1,29,20,2864,41.49,224,366,12461,23977,1
2014/08/21,13:07:12,42DEB6AA,-58,2,23,20,3087,41.42,223,357,9030,48194,1
2014/08/21,13:07:13,420EA994,-57,1,30,20,2864,41.48,224,367,12461,24035,1
2014/08/21,13:07:18,420EA994,-60,1,31,20,2864,41.49,224,368,12461,24084,1
2014/08/21,13:07:18,42B4744E,-38,1,195,20,3142,42.67,221,1004,436,22547,1
2014/08/21,13:07:23,420EA994,-71,1,32,20,2864,41.49,224,365,12461,24141,1
2014/08/21,13:07:27,42DEB6AA,-51,1,24,20,3087,41.41,223,361,9030,48599,1
2014/08/21,13:07:28,420EA994,-70,1,33,20,2864,41.49,224,366,12461,24188,1
2014/08/21,13:07:30,42FE2C58,-45,1,161,20,2659,38.85,233,959,860,45188,1
2014/08/21,13:07:34,42081734,-70,2,45,20,2989,42.30,224,340,27893,38450,1
2014/08/21,13:07:34,42B4744E,-43,1,196,20,3142,42.72,221,1004,436,22761,1
2014/08/21,13:07:36,42081734,-71,1,46,20,2989,42.27,224,349,27893,38556,1
2014/08/21,13:07:38,420EA994,-72,1,35,20,2864,41.49,224,374,12461,24316,1
2014/08/21,13:07:43,420EA994,-77,1,36,20,2864,41.51,224,374,12461,24383,1
2014/08/21,13:07:48,420EA994,-72,1,37,20,2864,41.49,224,371,12461,24474,1
2014/08/21,13:07:50,427CF4E4,-48,1,117,20,2812,42.00,223,411,6890,14509,1
2014/08/21,13:07:51,42B4744E,-38,1,197,20,3142,42.76,222,1004,436,22974,1
2014/08/21,13:07:51,427CF4E4,-48,2,118,20,2812,42.00,223,411,6891,14553,1
2014/08/21,13:07:52,42A8501C,-40,1,50,20,3150,37.62,237,851,2356,4290,1
2014/08/21,13:07:53,420EA994,-68,1,38,20,2863,41.49,224,374,12461,24532,1
2014/08/21,13:07:54,42A8501C,-38,2,51,20,3150,37.62,237,851,2357,4349,1
2014/08/21,13:07:56,4245BE7B,-38,1,153,20,2975,41.56,216,1008,651,15842,1
2014/08/21,13:07:58,420EA994,-65,1,39,20,2864,41.51,224,378,12461,24600,1
2014/08/21,13:08:03,420EA994,-66,1,40,20,2863,41.49,224,385,12461,24652,1
2014/08/21,13:08:08,420EA994,-68,1,41,20,2864,41.51,224,379,12461,24711,1
2014/08/21,13:08:13,420EA994,-66,1,42,20,2864,41.51,224,381,12461,24756,1
2014/08/21,13:08:21,42DEB6AA,-55,2,25,20,3087,41.41,223,361,9031,49398,1
2014/08/21,13:08:23,420EA994,-56,1,44,20,2864,41.51,224,384,12461,24874,1
2014/08/21,13:08:23,42B4744E,-38,1,199,20,3142,42.69,222,1004,436,23303,1
2014/08/21,13:08:25,42DEB6AA,-55,1,26,20,3087,41.39,223,369,9031,49688,1
2014/08/21,13:08:27,420EA994,-56,1,45,20,2864,41.49,224,383,12461,24924,1
2014/08/21,13:08:28,42FE2C58,-38,1,162,20,2659,38.90,233,966,860,46067,1
2014/08/21,13:08:32,420EA994,-55,1,46,20,2864,41.51,224,383,12461,24977,1
2014/08/21,13:08:35,42081734,-55,1,47,20,2989,42.27,224,364,27899,41106,1
2014/08/21,13:08:37,420EA994,-55,1,47,20,2864,41.49,224,383,12461,25031,1
2014/08/21,13:08:40,42B4744E,-38,1,200,20,3142,42.60,222,1006,436,23530,1
2014/08/21,13:08:40,42A8501C,-40,2,52,20,3150,37.62,237,851,2358,5290,1
2014/08/21,13:08:41,42AA57D9,-58,1,237,20,3142,41.33,224,331,3069,60712,1
2014/08/21,13:08:42,42081734,-56,2,48,20,2989,42.27,224,364,27900,41221,1
2014/08/21,13:08:42,420EA994,-58,1,48,20,2864,41.49,224,381,12461,25085,1
2014/08/21,13:08:47,420EA994,-56,1,49,20,2864,41.49,224,383,12461,25137,1
2014/08/21,13:08:49,427CF4E4,-47,1,119,20,2812,42.00,223,417,6892,15472,1
2014/08/21,13:08:51,427CF4E4,-47,2,120,20,2812,42.00,223,417,6893,15519,1
2014/08/21,13:08:52,42A8501C,-48,1,53,20,3150,37.65,238,894,2358,5716,1
2014/08/21,13:08:52,420EA994,-57,1,50,20,2864,41.49,224,384,12461,25195,1
2014/08/21,13:08:56,42B4744E,-38,1,201,20,3142,42.46,222,1006,436,23714,1
2014/08/21,13:08:57,420EA994,-62,1,51,20,2863,41.49,224,383,12461,25252,1
2014/08/21,13:09:01,4245BE7B,-37,1,154,20,2975,41.48,216,1010,651,16603,1
2014/08/21,13:09:02,420EA994,-57,1,52,20,2864,41.51,224,382,12461,25304,1
2014/08/21,13:09:07,420EA994,-55,1,53,20,2864,41.51,224,383,12461,25371,1
2014/08/21,13:09:12,42B4744E,-38,1,202,20,3142,42.46,222,1006,436,23874,1
2014/08/21,13:09:12,420EA994,-55,1,54,20,2864,41.49,224,382,12461,25409,1
2014/08/21,13:09:17,420EA994,-56,1,55,20,2863,41.49,224,381,12461,25461,1
2014/08/21,13:09:22,420EA994,-56,1,56,20,2864,41.51,224,381,12461,25516,1
2014/08/21,13:09:23,42DEB6AA,-54,1,27,20,3087,41.44,223,359,9031,50530,1
2014/08/21,13:09:27,42FE2C58,-37,1,163,20,2659,38.85,233,968,860,46896,1
2014/08/21,13:09:27,420EA994,-56,1,57,20,2864,41.49,224,379,12461,25572,1
2014/08/21,13:09:29,42B4744E,-38,1,203,20,3142,42.52,222,1006,436,24075,1
2014/08/21,13:09:32,420EA994,-56,1,58,20,2864,41.51,224,379,12461,25622,1
2014/08/21,13:09:33,42081734,-56,2,49,20,2989,42.27,224,364,27908,43910,1
2014/08/21,13:09:35,42081734,-63,1,50,20,2987,42.28,224,362,27908,44054,1
2014/08/21,13:09:37,420EA994,-56,1,59,20,2863,41.53,224,384,12461,25669,1
2014/08/21,13:09:40,42AA57D9,-64,1,238,20,3142,41.34,224,331,3069,61508,1
2014/08/21,13:09:42,42DEB6AA,-54,2,28,20,3087,41.44,223,359,9032,50780,1
2014/08/21,13:09:42,420EA994,-62,1,60,20,2863,41.51,224,382,12461,25732,1
2014/08/21,13:09:45,42B4744E,-42,1,204,20,3142,42.57,222,1008,436,24252,1
2014/08/21,13:09:47,420EA994,-54,1,61,20,2864,41.53,224,383,12461,25784,1
2014/08/21,13:09:49,427CF4E4,-51,1,121,20,2812,42.00,223,415,6894,16381,1
2014/08/21,13:09:50,427CF4E4,-47,2,122,20,2812,42.00,223,415,6895,16430,1
2014/08/21,13:09:52,42A8501C,-40,1,54,20,3150,37.62,239,888,2358,6749,1
2014/08/21,13:09:52,420EA994,-56,1,62,20,2864,41.51,224,383,12461,25840,1
2014/08/21,13:09:57,420EA994,-57,1,63,20,2863,41.53,224,381,12461,25908,1
2014/08/21,13:10:01,42B4744E,-38,1,205,20,3142,42.59,222,1008,436,24436,1
2014/08/21,13:10:02,420EA994,-58,1,64,20,2864,41.51,224,381,12461,25966,1
2014/08/21,13:10:05,4245BE7B,-38,1,155,20,2975,41.54,216,1010,651,17325,1
2014/08/21,13:10:07,420EA994,-57,1,65,20,2864,41.51,224,381,12461,26026,1
2014/08/21,13:10:12,420EA994,-58,1,66,20,2864,41.51,224,381,12461,26093,1
2014/08/21,13:10:17,420EA994,-56,1,67,20,2863,41.51,224,380,12461,26148,1
2014/08/21,13:10:18,42B4744E,-37,1,206,20,3142,42.59,222,1008,436,24630,1
2014/08/21,13:10:21,42DEB6AA,-56,1,29,20,3087,41.44,223,351,9032,51593,1
2014/08/21,13:10:22,420EA994,-54,1,68,20,2864,41.51,224,377,12461,26190,1
2014/08/21,13:10:25,42FE2C58,-44,1,164,20,2659,38.88,233,968,860,47814,1
2014/08/21,13:10:27,420EA994,-60,1,69,20,2864,41.49,224,375,12461,26234,1
2014/08/21,13:10:28,42DEB6AA,-53,2,30,20,3087,41.44,223,351,9033,51720,1
2014/08/21,13:10:32,42A8501C,-38,2,55,20,3150,37.62,239,888,2359,7428,1
2014/08/21,13:10:32,420EA994,-73,1,70,20,2864,41.49,224,379,12461,26284,1
2014/08/21,13:10:33,42081734,-66,2,51,20,2987,42.28,224,362,27915,46541,1
2014/08/21,13:10:34,42B4744E,-38,1,207,20,3142,42.59,222,1007,436,24824,1
2014/08/21,13:10:34,42081734,-74,1,52,20,2985,42.27,224,357,27915,46676,1
2014/08/21,13:10:37,420EA994,-63,1,71,20,2864,41.49,224,377,12461,26342,1
2014/08/21,13:10:39,42AA57D9,-60,1,239,20,3142,41.33,224,327,3069,62319,1
2014/08/21,13:10:42,420EA994,-64,1,72,20,2864,41.48,224,378,12461,26394,1
2014/08/21,13:10:47,420EA994,-65,1,73,20,2864,41.49,224,373,12461,26452,1
2014/08/21,13:10:48,427CF4E4,-49,1,123,20,2811,41.98,223,406,6896,17318,1
2014/08/21,13:10:49,427CF4E4,-50,2,124,20,2811,41.98,223,406,6897,17357,1
2014/08/21,13:10:50,42B4744E,-45,1,208,20,3142,42.59,222,1007,436,25004,1
2014/08/21,13:10:52,420EA994,-64,1,74,20,2864,41.49,224,371,12461,26502,1
2014/08/21,13:10:52,42A8501C,-40,1,56,20,3150,37.56,238,912,2359,7976,1
2014/08/21,13:10:57,420EA994,-71,1,75,20,2864,41.49,224,371,12461,26564,1
2014/08/21,13:11:02,420EA994,-63,1,76,20,2864,41.49,224,371,12461,26616,1
2014/08/21,13:11:07,42B4744E,-38,1,209,20,3142,42.57,223,1008,436,25196,1
2014/08/21,13:11:07,420EA994,-62,1,77,20,2864,41.48,224,373,12461,26669,1
2014/08/21,13:11:10,4245BE7B,-37,1,156,20,2975,41.51,217,1010,651,18030,1
2014/08/21,13:11:12,420EA994,-62,1,78,20,2864,41.46,224,377,12461,26721,1
2014/08/21,13:11:17,420EA994,-61,1,79,20,2864,41.46,224,382,12461,26784,1
2014/08/21,13:11:19,42DEB6AA,-53,1,31,20,3087,41.38,223,370,9035,53144,1
2014/08/21,13:11:22,420EA994,-58,1,80,20,2864,41.46,224,381,12461,26845,1
2014/08/21,13:11:23,42B4744E,-38,1,210,20,3142,42.56,223,1008,436,25393,1
2014/08/21,13:11:23,42FE2C58,-37,1,165,20,2659,38.88,234,972,860,48771,1
2014/08/21,13:11:24,42DEB6AA,-52,2,32,20,3087,41.38,223,370,9036,53280,1
2014/08/21,13:11:27,420EA994,-62,1,81,20,2864,41.48,224,383,12461,26907,1
2014/08/21,13:11:28,42A8501C,-38,2,57,20,3150,37.56,238,912,2360,8618,1
2014/08/21,13:11:32,420EA994,-63,1,82,20,2864,41.48,224,388,12461,26969,1
2014/08/21,13:11:34,42081734,-65,1,53,20,2989,42.25,224,366,27919,48814,1
2014/08/21,13:11:37,420EA994,-71,1,83,20,2864,41.46,224,383,12461,27012,1
2014/08/21,13:11:39,42B4744E,-38,1,211,20,3142,42.52,223,1008,436,25592,1
2014/08/21,13:11:42,420EA994,-61,1,84,20,2863,41.48,224,369,12461,27054,1
2014/08/21,13:11:47,420EA994,-62,1,85,20,2864,41.46,224,390,12461,27119,1
2014/08/21,13:11:47,427CF4E4,-49,1,125,20,2812,41.96,223,425,6898,18270,1
2014/08/21,13:11:49,427CF4E4,-58,2,126,20,2812,41.96,223,425,6899,18311,1
2014/08/21,13:11:52,420EA994,-61,1,86,20,2864,41.48,224,394,12461,27181,1
2014/08/21,13:11:53,42A8501C,-38,1,58,20,3150,37.53,238,892,2360,9252,1
2014/08/21,13:11:53,42081734,-59,2,54,20,2989,42.25,224,366,27920,49234,1
2014/08/21,13:11:56,42B4744E,-37,1,212,20,3142,42.46,224,1008,436,25795,1
2014/08/21,13:11:57,420EA994,-61,1,87,20,2863,41.46,224,396,12461,27236,1
2014/08/21,13:12:02,420EA994,-62,1,88,20,2864,41.48,224,399,12461,27292,1
2014/08/21,13:12:07,420EA994,-60,1,89,20,2864,41.46,224,401,12461,27348,1
2014/08/21,13:12:12,420EA994,-60,1,90,20,2864,41.46,224,407,12461,27406,1
2014/08/21,13:12:12,42B4744E,-38,1,213,20,3142,42.42,224,1006,436,25994,1
2014/08/21,13:12:14,4245BE7B,-37,1,157,20,2975,41.48,217,1006,651,18830,1
2014/08/21,13:12:17,42DEB6AA,-59,1,33,20,3087,41.38,223,404,9039,55125,1
